code,level,termEn,termJa,obsolete
800,2,"Neoplasms, NOS",新生物，ＮＯＳ,
8000/0,Preferred,"Neoplasm, benign",新生物，良性,
8000/0,Synonym,"Tumor, benign",腫瘍，良性,
8000/0,Synonym,"Unclassified tumor, benign",分類されない腫瘍，良性,
8000/1,Preferred,"Neoplasm, uncertain whether benign or malignant",新生物，良性又は悪性の別不詳,
8000/1,Synonym,"Neoplasm, NOS",新生物，ＮＯＳ,
8000/1,Synonym,"Tumor, NOS",腫瘍，ＮＯＳ,
8000/1,Synonym,"Unclassified tumor, borderline malignancy",分類されない腫瘍，境界悪性領域,
8000/1,Synonym,"Unclassified tumor, uncertain whether benign or malignant",分類されない腫瘍，良性又は悪性の別不詳,
8000/3,Preferred,"Neoplasm, malignant",新生物，悪性,
8000/3,Synonym,"Blastoma, NOS",芽腫，ＮＯＳ,
8000/3,Synonym,"Tumor, malignant, NOS",腫瘍，悪性，ＮＯＳ,
8000/3,Synonym,Cancer,がん,
8000/3,Synonym,Malignancy,悪性腫瘍,
8000/3,Synonym,"Unclassified tumor, malignant",分類されない腫瘍，悪性,
8000/6,Preferred,"Neoplasm, metastatic",新生物，転移性,
8000/6,Synonym,"Neoplasm, secondary",新生物，続発性,
8000/6,Synonym,Tumor embolus,腫瘍塞栓,
8000/6,Synonym,"Tumor, metastatic",腫瘍，転移性,
8000/6,Synonym,"Tumor, secondary",腫瘍，続発性,
8000/9,Preferred,"Neoplasm, malignant, uncertain whether primary or metastatic",新生物，悪性，原発又は転移の別不詳,
8000/9,Synonym,"Unclassified tumor, malignant, uncertain whether primary or metastatic",分類されない腫瘍，悪性，原発又は転移の別不詳,
8001/0,Preferred,"Tumor cells, benign",腫瘍細胞，良性,
8001/1,Preferred,"Tumor cells, uncertain whether benign or malignant",腫瘍細胞，良性又は悪性の別不詳,
8001/1,Synonym,"Tumor cells, NOS",腫瘍細胞，ＮＯＳ,
8001/3,Preferred,"Tumor cells, malignant",腫瘍細胞，悪性,
8002/3,Preferred,"Malignant tumor, small cell type",悪性腫瘍，小細胞型,
8003/3,Preferred,"Malignant tumor, giant cell type",悪性腫瘍，巨細胞型,
8004/3,Preferred,"Malignant tumor, spindle cell type",悪性腫瘍，紡錘形細胞型,
8004/3,Synonym,"Malignant tumor, fusiform cell type",,
8005/0,Preferred,"Clear cell tumor, NOS",明細胞腫瘍，ＮＯＳ ※1,
8005/3,Preferred,"Malignant tumor, clear cell type",悪性腫瘍，明細胞型 ※1,
801-804,2,"Epithelial neoplasms, NOS",上皮性新生物，ＮＯＳ,
8010/0,Preferred,"Epithelial tumor, benign",上皮性腫瘍，良性,
8010/2,Preferred,"Carcinoma in situ, NOS",上皮内癌，ＮＯＳ,
8010/2,Synonym,"Intraepithelial carcinoma, NOS",,
8010/3,Preferred,"Carcinoma, NOS",癌腫，ＮＯＳ,
8010/3,Synonym,"Epithelial tumor, malignant",上皮性腫瘍，悪性,
8010/3,Related,Heterotopia-associated carcinoma,,
8010/6,Preferred,"Carcinoma, metastatic, NOS",癌腫，転移性，ＮＯＳ,
8010/6,Synonym,Secondary carcinoma,続発性癌,
8010/9,Preferred,Carcinomatosis,癌腫症,
8011/0,Preferred,"Epithelioma, benign",上皮腫，良性,
8011/3,Preferred,"Epithelioma, malignant",上皮腫，悪性,
8011/3,Synonym,"Epithelioma, NOS",上皮腫，ＮＯＳ,
8012/3,Preferred,"Large cell carcinoma, NOS",大細胞癌，ＮＯＳ,
8013/3,Preferred,Large cell neuroendocrine carcinoma,大細胞神経内分泌癌 ※1,
8013/3,Related,Combined large cell neuroendocrine carcinoma,混合型大細胞神経内分泌癌,
8014/3,Preferred,Large cell carcinoma with rhabdoid phenotype,ラブドイド型を伴う大細胞癌 ※1,
8015/3,Preferred,Glassy cell carcinoma,硝子細胞癌 ※1,
8020/3,Preferred,"Carcinoma, undifferentiated, NOS",癌腫，未分化，ＮＯＳ,
8020/3,Related,"Carcinoma, poorly differentiated, NOS",低分化癌，NOS,
8020/3,Related,Anaplastic undifferentiated carcinoma,退形成未分化癌,
8020/3,Related,Dedifferentiated carcinoma,脱分化癌,
8021/3,Preferred,"Carcinoma, anaplastic, NOS",癌腫，退形成性，ＮＯＳ,
8022/3,Preferred,Pleomorphic carcinoma,多形細胞癌,
8023/3,Preferred,Nuclear protein in testis (NUT)-associated carcinoma,NUT転座関連癌,
8023/3,Synonym,NUT carcinoma,NUT転座癌／NUT癌,
8023/3,Synonym,NUT midline carcinoma,NUT転座正中癌／NUT正中癌,
8030/3,Preferred,Giant cell and spindle cell carcinoma,巨細胞及び紡錘形細胞癌,
8031/3,Preferred,Giant cell carcinoma,巨細胞癌,
8032/3,Preferred,"Spindle cell carcinoma, NOS",紡錘形細胞癌，ＮＯＳ,
8033/3,Preferred,Pseudosarcomatous carcinoma,偽肉腫様癌,
8033/3,Synonym,Sarcomatoid carcinoma,肉腫様癌 ※2,
8034/3,Preferred,Polygonal cell carcinoma,多角形細胞癌,
8035/3,Preferred,Carcinoma with osteoclast-like giant cells,破骨細胞様巨細胞を伴う癌 ※1,
8035/3,Related,Squamous carcinoma with osteoclast-like giant cells,,
8035/3,Related,Undifferentiated carcinoma with osteoclast-like giant cells,,
8040/0,Preferred,"Tumorlet, benign",ツモレット，良性 ※2,
8040/0,Related,Diffuse idiopathic neuroendocrine cell hyperplasia,,
8040/1,Preferred,"Tumorlet, NOS",ツモレット，ＮＯＳ ※2,
8041/3,Preferred,"Small cell carcinoma, NOS",小細胞癌，ＮＯＳ,
8041/3,Synonym,Reserve cell carcinoma,予備細胞癌,
8041/3,Synonym,Round cell carcinoma,円形細胞癌,
8041/3,Related,Small cell neuroendocrine carcinoma,小細胞神経内分泌癌 ※2,
8041/3,Synonym,"Small cell carcinoma, pulmonary type",小細胞癌，肺型,
8042/3,Preferred,Oat cell carcinoma,燕麦細胞癌（Ｃ34._）,1
8043/3,Preferred,"Small cell carcinoma, fusiform cell",小細胞癌，紡錘形細胞,
8044/3,Preferred,"Small cell carcinoma, intermediate cell",小細胞癌，中細胞,
8044/3,Related,"Small cell carcinoma, hypercalcemic type",小細胞癌，高カルシウム血症型,
8045/3,Preferred,Combined small cell carcinoma,小細胞混合癌 ※2,
8045/3,Synonym,Mixed small cell carcinoma,,
8045/3,Related,Combined small cell-adenocarcinoma,小細胞・腺混合癌 ※2,
8045/3,Related,Combined small cell-large cell carcinoma,小細胞・大細胞混合癌 ※2,
8045/3,Related,Combined small cell-squamous cell carcinoma,小細胞・扁平上皮混合癌,
8046/3,Preferred,Non-small cell carcinoma,非小細胞癌（Ｃ34._） ※1,
805-808,2,Squamous cell neoplasms,扁平上皮性新生物,
8050/0,Preferred,"Papilloma, NOS",乳頭腫，ＮＯＳ（膀胱の乳頭腫Ｍ-8120／1を除く）,
8050/2,Preferred,"Papillary carcinoma in situ, NOS",,
8050/3,Preferred,"Papillary carcinoma, NOS",乳頭状癌，ＮＯＳ,
8051/0,Preferred,Verrucous papilloma,ゆう状乳頭腫,
8051/3,Preferred,"Verrucous carcinoma, NOS",ゆう状癌，ＮＯＳ,
8051/3,Synonym,Verrucous epidermoid carcinoma,ゆう状類表皮癌,
8051/3,Synonym,Verrucous squamous cell carcinoma,ゆう状扁平上皮癌,
8052/0,Preferred,"Squamous cell papilloma, NOS",扁平上皮乳頭腫，ＮＯＳ,
8052/0,Synonym,Keratotic papilloma,,
8052/0,Synonym,Squamous papilloma,,
8052/0,Related,"Benign keratosis, NOS",,
8052/0,Related,Seborrhoeic keratosis,,
8052/0,Related,Solar lentigo,,
8052/0,Related,Lichen planus-like keratosis,,
8052/2,Preferred,"Papillary squamous cell carcinoma, non-invasive",乳頭状扁平上皮癌，非浸潤性 ※2,
8052/2,Synonym,Papillary squamous cell carcinoma in situ,乳頭状扁平上皮内癌 ※2,
8052/3,Preferred,Papillary squamous cell carcinoma,乳頭状扁平上皮癌,
8052/3,Synonym,Papillary epidermoid carcinoma,乳頭状類表皮癌,
8053/0,Preferred,"Squamous cell papilloma, inverted",扁平上皮乳頭腫，内向性 ※2,
8054/0,Preferred,Warty dyskeratoma,疣状異常角化腫／疣贅状異常角化腫／疣贅状異角化腫,
8054/3,Preferred,Warty carcinoma,疣（いぼ）状癌 ／疣（ゆう）状癌,
8054/3,Synonym,Condylomatous carcinoma,コンジローマ様癌／コンジローム様癌,
8054/3,Related,Warty-basaloid carcinoma,疣状類基底細胞癌,
8060/0,Preferred,Squamous papillomatosis,扁平上皮乳頭腫症 ※2,
8060/0,Synonym,"Papillomatosis, NOS",乳頭腫症，ＮＯＳ,
8070/0,Preferred,Actinic keratosis,日光角化症／光線角化症,
8070/0,Related,Arsenical keratosis,ヒ素角化症,
8070/0,Related,PUVA keratosis,PUVA角化症／PUVAケラトーシス,
8070/2,Preferred,"Squamous cell carcinoma in situ, NOS",上皮内扁平上皮癌，ＮＯＳ,
8070/2,Synonym,"Epidermoid carcinoma in situ, NOS",上皮内類表皮癌，ＮＯＳ,
8070/2,Synonym,"Intraepidermal carcinoma, NOS",表皮内癌，ＮＯＳ,
8070/2,Synonym,Intraepithelial squamous cell carcinoma,扁平表皮内癌,
8070/3,Preferred,"Squamous cell carcinoma, NOS",扁平上皮癌，ＮＯＳ,
8070/3,Synonym,"Squamous cell carcinoma, usual type",,
8070/3,Synonym,"Epidermoid carcinoma, NOS",類表皮癌，ＮＯＳ,
8070/3,Synonym,Squamous carcinoma,扁平上皮癌,
8070/3,Synonym,Squamous cell epithelioma,扁平上皮腫,
8070/6,Preferred,"Squamous cell carcinoma, metastatic, NOS",扁平上皮癌，転移性，ＮＯＳ,
8071/2,Preferred,Differentiated intraepithelial neoplasia,分化型上皮内腫瘍,
8071/2,Related,Differentiated penile intraepithelial neoplasia (PeIN),分化型陰茎上皮内腫瘍,
8071/2,Related,Differentiated vulvar intraepithelial neoplasia (VIN),分化型外陰上皮内腫瘍,
8071/3,Preferred,"Squamous cell carcinoma, keratinizing, NOS",扁平上皮癌，角化，ＮＯＳ,
8071/3,Synonym,"Epidermoid carcinoma, keratinizing",類表皮癌，角化,
8071/3,Synonym,"Squamous cell carcinoma, large cell, keratinizing",扁平上皮癌，大細胞性，角化,
8071/3,Related,Keratoacanthoma,ケラトアカントーマ,
8072/0,Preferred,Large cell acanthoma,大細胞棘細胞腫,
8072/3,Preferred,"Squamous cell carcinoma, large cell, nonkeratinizing, NOS",扁平上皮癌，大細胞性，非角化，ＮＯＳ,
8072/3,Synonym,"Epidermoid carcinoma, large cell, nonkeratinizing",,
8072/3,Synonym,"Squamous cell carcinoma, nonkeratinizing, NOS",扁平上皮癌，非角化，ＮＯＳ,
8073/3,Preferred,"Squamous cell carcinoma, small cell, nonkeratinizing",扁平上皮癌，小細胞性，非角化,
8073/3,Synonym,"Epidermoid carcinoma, small cell, nonkeratinizing",類表皮癌，小細胞性，非角化,
8074/3,Preferred,"Squamous cell carcinoma, spindle cell",扁平上皮癌，紡錘形細胞,
8074/3,Synonym,"Epidermoid carcinoma, spindle cell",類表皮癌，紡錘形細胞,
8074/3,Synonym,"Squamous cell carcinoma, sarcomatoid",扁平上皮癌，肉腫様 ※2,
8074/3,Related,Pseudovascular squamous cell carcinoma,偽血管様扁平上皮癌／偽血管型扁平上皮癌,
8075/3,Preferred,"Squamous cell carcinoma, adenoid",扁平上皮癌，腺様,
8075/3,Synonym,"Squamous cell carcinoma, acantholytic",扁平上皮癌，棘融解性 ※2,
8075/3,Synonym,"Squamous cell carcinoma, pseudoglandular",扁平上皮癌，偽腺様,
8076/2,Preferred,Squamous cell carcinoma in situ with questionable stromal invasion,間質浸潤には疑義がある上皮内扁平上皮癌,
8076/2,Synonym,Epidermoid carcinoma in situ with questionable stromal invasion,間質浸潤には疑義がある上皮内類表皮癌,
8076/3,Preferred,"Squamous cell carcinoma, microinvasive",扁平上皮癌，微小浸潤性,
8077/0,Preferred,"Squamous intraepithelial neoplasia, low grade",扁平上皮内腫瘍，低異型度★,
8077/0,Synonym,"Squamous intraepithelial neoplasia, grade I",扁平上皮内腫瘍，Ⅰ度★,
8077/0,Synonym,Low grade squamous intraepithelial lesion,低異型度扁平上皮内病変／軽度扁平上皮内病変,
8077/0,Related,"Anal intraepithelial neoplasia, low grade",肛門上皮内腫瘍，低異型度（Ｃ21.1）★,
8077/0,Related,"Cervical intraepithelial neoplasia, low grade",子宮頸上皮内腫瘍，低異型度（Ｃ53._）★,
8077/0,Related,"Esophageal squamous intraepithelial neoplasia (dysplasia), low grade",食道扁平上皮内腫瘍（異形成），低異型度,
8077/2,Preferred,"Squamous intraepithelial neoplasia, high grade",扁平上皮内腫瘍，高異型度★,
8077/2,Synonym,"Squamous intraepithelial neoplasia, grade II",扁平上皮内腫瘍，グレード2,
8077/2,Synonym,"Squamous intraepithelial neoplasia, grade III",扁平上皮内腫瘍，Ⅲ度※2 ☆（コーディングガイドライン47頁参照）,
8077/2,Synonym,"Squamous dysplasia, high grade",扁平上皮異形成，高異型度,
8077/2,Synonym,High grade squamous intraepithelial lesion,高異型度扁平上皮内病変,
8077/2,Related,"Anal intraepithelial neoplasia, grade III",肛門上皮内腫瘍，Ⅲ度（Ｃ21.1）,
8077/2,Synonym,AIN III,ＡＩＮ Ⅲ（Ｃ21.1） ※2,
8077/2,Related,"Cervical intraepithelial neoplasia, grade III",子宮頸上皮内腫瘍，Ⅲ度（Ｃ53._）,
8077/2,Synonym,"CIN III, NOS",CIN，Ⅲ，ＮＯＳ（Ｃ53._）,
8077/2,Synonym,CIN III with severe dysplasia,CIN，Ⅲ，高度異形成を伴う,
8077/2,Related,"Esophageal squamous intraepithelial neoplasia (dysplasia), high grade",食道扁平上皮内腫瘍（異形成），高異型度（Ｃ15._）★,
8077/2,Related,"Vaginal intraepithelial neoplasia, grade III",膣上皮内腫瘍，Ⅲ度（Ｃ52._） ※2,
8077/2,Synonym,VAIN III,ＶＡＩＮ Ⅲ（Ｃ52._）,
8077/2,Related,"Vulvar intraepithelial neoplasia, grade III",外陰上皮内腫瘍，Ⅲ度（Ｃ51._）,
8077/2,Synonym,VIN III,ＶＩＮ Ⅲ（Ｃ51._）,
8078/3,Preferred,Squamous cell carcinoma with horn formation,角化真珠を伴う扁平上皮癌 ※1,
8080/2,Preferred,Queyrat erythroplasia,ケイラー紅色肥厚症（Ｃ60._）,
8081/2,Preferred,Bowen disease,ボウエン病（Ｃ44._）,
8081/2,Synonym,"Intraepidermal squamous cell carcinoma, Bowen type",表皮内扁平上皮癌，ボウエン型,
8082/3,Preferred,Lymphoepithelial carcinoma,リンパ上皮癌,
8082/3,Synonym,Lymphoepithelioma,リンパ上皮腫,
8082/3,Synonym,Lymphoepithelioma-like carcinoma,リンパ上皮腫様癌 ※2,
8082/3,Related,Schmincke tumor,シュミンケ腫瘍（Ｃ11._）,
8083/3,Preferred,Basaloid squamous cell carcinoma,基底細胞様扁平上皮癌 ※1,
8083/3,Related,Papillary-basaloid carcinoma,乳頭状類基底細胞癌,
8084/0,Preferred,Clear cell acanthoma,,
8084/3,Preferred,"Squamous cell carcinoma, clear cell type",扁平上皮癌，明細胞型 ※1,
8085/3,Preferred,"Squamous cell carcinoma, HPV positive",扁平上皮癌，HPV陽性,
8086/3,Preferred,"Squamous cell carcinoma, HPV negative",扁平上皮癌，HPV陰性,
809-811,2,Basal cell neoplasms,基底細胞性新生物,
8090/1,Preferred,Basal cell tumor,基底細胞腫瘍（Ｃ44._）,1
8090/3,Preferred,"Basal cell carcinoma, NOS",基底細胞癌，ＮＯＳ（Ｃ44._）,
8090/3,Synonym,Basal cell epithelioma,基底細胞上皮腫（Ｃ44._）,
8090/3,Synonym,Rodent ulcer,侵蝕性潰瘍（Ｃ44._）,
8090/3,Related,Pigmented basal cell carcinoma,色素性基底細胞癌（Ｃ44._）,
8090/3,Related,Basal cell carcinoma with adnexal differentiation,付属器への分化を伴う基底細胞癌,
8091/3,Preferred,Superficial basal cell carcinoma,表在性基底細胞癌,
8091/3,Synonym,Multifocal superficial basal cell carcinoma,多病巣性表在性基底細胞癌（Ｃ44._）,
8091/3,Synonym,Multicentric basal cell carcinoma,多中心性基底細胞癌（Ｃ44._）,
8092/3,Preferred,"Infiltrating basal cell carcinoma, NOS",浸潤性基底細胞癌，ＮＯＳ（Ｃ44._）,
8092/3,Related,"Infiltrating basal cell carcinoma, non-sclerosing",浸潤性基底細胞癌，非硬化性（Ｃ44._）,
8092/3,Related,"Infiltrating basal cell carcinoma, sclerosing",浸潤性基底細胞癌，硬化性（Ｃ44._）,
8092/3,Synonym,"Basal cell carcinoma, desmoplastic type",基底細胞癌，線維形成型（Ｃ44._）,
8092/3,Synonym,"Basal cell carcinoma, morpheic",基底細胞癌，morpheic（Ｃ44._）,
8092/3,Related,"Basal cell carcinoma, sarcomatoid",,
8093/3,Preferred,"Basal cell carcinoma, fibroepithelial",基底細胞癌，線維上皮性（Ｃ44._）,
8093/3,Synonym,"Fibroepithelioma, NOS",線維上皮腫，ＮＯＳ ※2,
8093/3,Synonym,Fibroepithelioma of Pinkus type,線維上皮腫，ピンカス型 ※2,
8093/3,Synonym,"Fibroepithelial basal cell carcinoma, Pinkus type",線維上皮性基底細胞癌，ピンカス型 ※2,
8093/3,Synonym,Pinkus tumor,ピンカス腫瘍 ※2,
8094/3,Preferred,Basosquamous carcinoma,基底扁平上皮癌（Ｃ44._）,
8094/3,Synonym,Mixed basal-squamous cell carcinoma,,
8095/3,Preferred,Metatypical carcinoma,変形癌（Ｃ44._）,
8096/0,Preferred,Intraepidermal epithelioma of Jadassohn,ヤダッソン表皮内上皮腫（Ｃ44._）,
8097/3,Preferred,"Basal cell carcinoma, nodular",基底細胞癌，結節性（Ｃ44._） ※1,
8097/3,Related,"Basal cell carcinoma, micronodular",基底細胞癌，小結節性（Ｃ44._） ※1,
8098/3,Preferred,Adenoid basal carcinoma,腺様基底細胞癌（Ｃ53._） ※1,
8100/0,Preferred,Trichoepithelioma,毛包上皮腫（Ｃ44._）,
8100/0,Synonym,Brooke tumor,ブルック腫瘍（Ｃ44._）,
8100/0,Synonym,Epithelioma adenoides cysticum,腺様のう胞性上皮腫（Ｃ44._）,
8100/0,Related,Trichoblastoma,,
8100/0,Related,Trichogerminoma,,
8100/3,Preferred,Trichoblastic carcinoma,,
8100/3,Related,Trichoblastic carcinosarcoma,,
8101/0,Preferred,Trichofolliculoma,毛包のう腫（Ｃ44._）,
8102/0,Preferred,Trichilemmoma,毛根鞘腫（Ｃ44._）,
8102/3,Preferred,Trichilemmocarcinoma,毛根鞘癌（Ｃ44._） ※2,
8102/3,Synonym,Trichilemmal carcinoma,,
8103/0,Preferred,Pilar tumor,毛髪癌（Ｃ44._） ※1,
8103/1,Preferred,Proliferating trichilemmal cyst,増殖性毛根鞘のう胞 ※1,
8103/1,Synonym,Proliferating trichilemmal tumor,増殖性毛根鞘腫瘍 ※1,
8104/0,Preferred,Pilar sheath acanthoma,,
8104/0,Related,Tumor of follicular infundibulum,,
8110/0,Preferred,"Pilomatricoma, NOS",毛基質性上皮腫，ＮＯＳ（Ｃ44._）※2,
8110/0,Synonym,"Pilomatrixoma, NOS",毛基質腫，ＮＯＳ（Ｃ44._）,
8110/0,Synonym,Calcifying epithelioma of Malherbe,マレルブ石灰化上皮腫（Ｃ44._）,
8110/0,Related,Melanocytic matricoma,,
8110/3,Preferred,Pilomatrical carcinoma,毛母癌／毛基質癌,
8110/3,Synonym,Pilomatrix carcinoma,毛基質癌（Ｃ44._）,
8110/3,Synonym,Matrical carcinoma,基質癌（Ｃ44._） ※2,
8110/3,Synonym,"Pilomatricoma, malignant","毛質性上皮腫, 悪性（Ｃ44._） ※2",
8110/3,Synonym,"Pilomatrixoma, malignant",毛基質腫，悪性（Ｃ44._）,
812-813,2,Transitional cell papillomas and carcinomas,移行上皮乳頭腫及び移行上皮癌,
8120/0,Preferred,"Urothelial papilloma, NOS",尿路上皮乳頭腫，NOS,
8120/0,Synonym,"Transitional cell papilloma, benign",移行上皮乳頭腫，良性,1
8120/0,Synonym,Transitional papilloma,移行性乳頭腫,1
8120/0,Synonym,"Transitional cell papilloma, NOS",移行上皮乳頭腫，NOS,
8120/0,Synonym,Papilloma of bladder,膀胱乳頭腫,
8120/2,Preferred,Urothelial carcinoma in situ,上皮内尿路上皮癌 ※2,
8120/2,Synonym,Transitional cell carcinoma in situ,上皮内移行上皮癌,
8120/3,Preferred,"Transitional cell carcinoma, NOS",移行上皮癌，ＮＯＳ,
8120/3,Synonym,"Urothelial carcinoma, NOS",尿路上皮癌，ＮＯＳ,
8120/3,Related,Transitional carcinoma,移行上皮癌,
8120/3,Related,Squamotransitional carcinoma,扁平移行上皮癌,
8121/0,Preferred,"Sinonasal papilloma, exophytic","洞鼻乳頭腫，外向型（Ｃ30.0, Ｃ31._）",
8121/0,Synonym,"Schneiderian papilloma, NOS","シュナイダー乳頭腫，ＮＯＳ（Ｃ30.0,",
8121/0,Synonym,"Sinonasal papilloma, NOS","洞鼻乳頭腫，ＮＯＳ（Ｃ30.0, Ｃ31._）",
8121/0,Synonym,"Sinonasal papilloma, fungiform","洞鼻乳頭腫，茸状（Ｃ30.0, Ｃ31._）",1
8121/0,Related,"Urothelial papilloma, inverted",尿路上皮乳頭腫，内反型,
8121/0,Related,"Transitional papilloma, inverted, NOS",移行上皮乳頭腫，内反型，NOS,
8121/0,Synonym,"Transitional cell papilloma, inverted, NOS",移行細胞乳頭腫，内反型，NOS,
8121/1,Preferred,"Sinonasal papilloma, inverted",副鼻腔乳頭腫，内反性／洞鼻乳頭腫，内反性,
8121/1,Related,Columnar cell papilloma,円柱上皮細胞乳頭腫 ※2,
8121/1,Related,Cylindrical cell papilloma,"円柱細胞乳頭腫（Ｃ30.0, Ｃ31._） ※2",
8121/1,Related,"Schneiderian papilloma, oncocytic",,
8121/1,Related,"Schneiderian papilloma, inverted","シュナイダー乳頭腫，内反性（Ｃ30.0,円柱上皮細胞乳頭腫 ※2円柱細胞乳頭腫（Ｃ30.0, Ｃ31._） ※2膨大細胞性 シュナイダー乳頭腫（Ｃ30.0,※2",
8121/1,Related,"Sinonasal papilloma, oncocytic",,
8121/3,Preferred,Schneiderian carcinoma,"シュナイダー癌（Ｃ30.0, Ｃ31._）",
8121/3,Related,Cylindrical cell carcinoma,"円柱細胞癌（Ｃ30.0, Ｃ31._） ※2",
8122/3,Preferred,"Urothelial carcinoma, sarcomatoid",尿路上皮癌，肉腫様,
8122/3,Synonym,"Urothelial carcinoma, spindle cell",尿路上皮癌，紡錘形細胞,
8122/3,Synonym,"Transitional cell carcinoma, spindle cell",移行上皮癌，紡錘形細胞,
8122/3,Synonym,"Transitional cell carcinoma, sarcomatoid",移行上皮癌，肉腫様 ※2,
8123/3,Preferred,Basaloid carcinoma,類基底細胞癌,
8124/3,Preferred,Cloacogenic carcinoma,総排泄孔原性癌（Ｃ21.2）,1
8130/1,Preferred,Papillary urothelial neoplasm of low malignant potential,低悪性度乳頭状尿路上皮腫瘍，※2,
8130/1,Synonym,Papillary transitional cell neoplasm of low malignant potential,低悪性度乳頭状移行上皮腫瘍（Ｃ67._）,
8130/2,Preferred,"Papillary urothelial carcinoma, non-invasive",乳頭状尿路上皮癌，非浸潤性※2,
8130/2,Synonym,"Papillary transitional cell carcinoma, non-invasive",乳頭状移行上皮癌，非浸潤性（Ｃ67._）,
8130/3,Preferred,Papillary urothelial carcinoma,乳頭状尿路上皮癌（Ｃ67._） ※2,1
8130/3,Synonym,Papillary transitional cell carcinoma,乳頭状移行上皮癌（Ｃ67._）,1
8131/3,Preferred,"Urothelial carcinoma, micropapillary",尿路上皮癌，微小乳頭型,
8131/3,Synonym,"Transitional cell carcinoma, micropapillary",移行上皮癌，微小乳頭状（Ｃ67._）,
814-838,2,Adenomas and adenocarcinomas,腺腫及び腺癌,
8140/0,Preferred,"Adenoma, NOS",腺腫，ＮＯＳ,
8140/1,Preferred,Atypical adenoma,異型腺腫 ※2,
8140/1,Synonym,"Bronchial adenoma, NOS",気管支腺腫，ＮＯＳ（Ｃ34._）,
8140/2,Preferred,"Adenocarcinoma in situ, NOS",上皮内腺癌，ＮＯＳ,
8140/3,Preferred,"Adenocarcinoma, NOS",腺癌，ＮＯＳ,
8140/3,Synonym,"Adenocarcinoma, usual type",腺癌，通常型,
8140/3,Related,"Carcinoma of Skene, Cowper and Littre glands",スキニー腺，カウパー腺，リター腺の腺癌,
8140/3,Related,Endolymphatic sac tumor,内リンパ嚢腫瘍,
8140/3,Related,Parathyroid carcinoma,副甲状腺癌,
8140/3,Related,Acinar adenocarcinoma of prostate,前立腺腺癌／前立腺腺房腺癌,
8140/6,Preferred,"Adenocarcinoma, metastatic, NOS",腺癌，転移性，ＮＯＳ,
8141/3,Preferred,Scirrhous adenocarcinoma,硬性腺癌,1
8141/3,Synonym,Carcinoma with productive fibrosis,増殖性線維症を伴う癌腫,1
8141/3,Synonym,Scirrhous carcinoma,硬癌,1
8142/3,Preferred,Linitis plastica,形成性胃炎（Ｃ16._）,
8143/3,Preferred,Superficial spreading adenocarcinoma,表層拡大性腺癌,
8144/0,Preferred,"Adenoma, intestinal type",,
8144/3,Preferred,"Adenocarcinoma, intestinal type",腺癌，腸型（Ｃ16._）,
8144/3,Synonym,"Adenocarcinoma, enteric",腺癌，腸型,
8144/3,Synonym,"Carcinoma, intestinal type",癌腫，腸型（Ｃ16._）,
8144/3,Synonym,"Mucinous carcinoma, intestinal type",粘液性腺癌，腸型,
8145/3,Preferred,"Carcinoma, diffuse type",癌腫，びまん型（Ｃ16._）,
8145/3,Synonym,"Adenocarcinoma, diffuse type",腺癌，びまん型（Ｃ16._）,
8146/0,Preferred,Monomorphic adenoma,単形性腺腫,
8147/0,Preferred,Basal cell adenoma,基底細胞腺腫,
8147/3,Preferred,Basal cell adenocarcinoma,基底細胞腺癌,
8147/3,Related,Basal cell carcinoma of prostate,,
8148/0,Preferred,"Glandular intraepithelial neoplasia, low grade",上皮内腺腫瘍，低異型度★,
8148/0,Synonym,"Glandular intraepithelial neoplasia, grade I",上皮内腺腫瘍，Ⅰ度★,
8148/0,Synonym,"Glandular intraepithelial neoplasia, grade II",上皮内腺腫瘍，Ⅱ度★,
8148/0,Related,"Biliary intraepithelial neoplasia, low grade",胆管上皮内腫瘍，低異型度★,
8148/0,Related,"Esophageal glandular dysplasia (intraepithelial neoplasia), low grade",食道腺上皮異形成（上皮内腫瘍），低異型度（Ｃ1６._）★,
8148/2,Preferred,"Glandular intraepithelial neoplasia, high grade",上皮内腺腫瘍，高異型度★,
8148/2,Synonym,"Glandular intraepithelial neoplasia, grade III",上皮内腺腫瘍，Ⅲ度☆,
8148/2,Synonym,"Flat intraepithelial neoplasia, high grade",,
8148/2,Related,"Biliary intraepithelial neoplasia, high grade",胆管上皮内腫瘍，高異型度★,
8148/2,Synonym,"Biliary intraepithelial neoplasia, grade 3 (BilIN-3)",,
8148/2,Related,"Esophageal glandular dysplasia (intraepithelial neoplasia), high grade",食道腺上皮異形成（上皮内腫瘍），高異型度（Ｃ16._）★ ▼１,
8148/2,Synonym,"Esophageal intraepithelial neoplasia, high grade",食道上皮内腫瘍，高異型度（Ｃ16._）,
8148/2,Related,"Prostatic intraepithelial neoplasia, grade III",前立腺上皮内腫瘍，Ⅲ度（Ｃ61.9）,
8148/2,Synonym,PIN III,ＰＩＮ Ⅲ（Ｃ61.9） ※1▼1,
8148/2,Synonym,"Prostatic intraepithelial neoplasia, high grade",,
8149/0,Preferred,Canalicular adenoma,小管状腺腫 ※1,
8150/0,Preferred,Pancreatic neuroendocrine microadenoma,膵神経内分泌微小腺腫,
8150/0,Synonym,"Pancreatic endocrine tumor, benign",膵内分泌腫瘍，良性,1
8150/0,Synonym,"Islet cell tumor, benign",島細胞腫瘍，良性（Ｃ25._）,1
8150/0,Related,Pancreatic microadenoma,膵微小腺腫（Ｃ25._）★,
8150/3,Preferred,"Pancreatic neuroendocrine tumor, nonfunctioning",膵神経内分泌腫瘍，非機能性,
8150/3,Synonym,"Pancreatic endocrine tumor, nonfunctioning",膵内分泌腫瘍、非機能性★,
8150/3,Synonym,"Pancreatic endocrine tumor, NOS",膵内分泌腫瘍，NOS,
8150/3,Related,Islet cell adenoma,島細胞腺腫,1
8150/3,Related,Islet cell adenomatosis,島細胞腺腫症,1
8150/3,Related,Nesidioblastoma,膵島細胞腫,1
8150/3,Related,"Islet cell tumor, NOS",島細胞腫瘍，NOS,1
8150/3,Related,Islet cell adenocarcinoma,島細胞腺癌,1
8150/3,Related,Islet cell carcinoma,島細胞癌,1
8151/3,Preferred,"Insulinoma, NOS",インスリノーマ，NOS,
8151/3,Synonym,Beta cell adenoma,ベータ細胞腺腫,
8151/3,Synonym,Beta cell tumor,,
8152/3,Preferred,Glucagonoma,,
8152/3,Synonym,Alpha cell tumor,,
8152/3,Related,Enteroglucagonoma,,1
8152/3,Related,Glucagon-like peptide-producing tumor,グルカゴン様ペプチド産生腫瘍★,
8152/3,Related,L-cell tumor,L細胞腫瘍★,
8152/3,Related,Pancreatic peptide and pancreatic peptide-like peptide within terminal tyrosine amide producing tumor,膵ペプチドと膵ペプチド様ペプチドを伴うチロシンアミノ産生腫瘍★,
8152/3,Synonym,PP/PYY producing tumor,PP/PYY産生腫瘍★,
8153/3,Preferred,Gastrinoma,,
8153/3,Synonym,G cell tumor,,
8153/3,Synonym,Gastrin cell tumor,ガストリン細胞腫瘍 ※2,
8154/3,Preferred,Mixed neuroendocrine non-neuroendocrine neoplasm (MiNEN),,
8154/3,Related,"Mixed pancreatic endocrine and exocrine tumor, malignant",膵内分泌・外分泌細胞混合腫瘍，悪性,
8154/3,Synonym,Mixed islet cell and exocrine adenocarcinoma,島細胞・外分泌細胞混合腺癌,
8154/3,Related,Mixed acinar-endocrine carcinoma,小葉・内分泌混合癌（Ｃ25._） ※2,
8154/3,Synonym,Mixed acinar-neuroendocrine carcinoma,,
8154/3,Related,Mixed acinar-endocrine-ductal carcinoma,小葉・内分泌・導管混合癌★,
8154/3,Related,Mixed ductal-endocrine carcinoma,導管・内分泌混合癌（Ｃ25._） ※2,
8154/3,Synonym,Mixed ductal-neuroendocrine carcinoma,,
8154/3,Related,Mixed endocrine and exocrine adenocarcinoma,内分泌・外分泌細胞混合腺癌 (C25._)★,
8155/3,Preferred,Vipoma,,
8156/3,Preferred,Somatostatinoma,,
8156/3,Synonym,Somatostatin cell tumor,ソマトスタチン細胞腫瘍，悪性 ※1,
8158/3,Preferred,ACTH-producing tumor,ACTH産生腫瘍,
8158/3,Related,"Endocrine tumor, functioning, NOS",機能性内分泌腫瘍，NOS,1
8160/0,Preferred,Bile duct adenoma,胆管腺腫（Ｃ22.1，Ｃ24.0）,
8160/0,Synonym,Cholangioma,コランジオーマ（Ｃ22.1，Ｃ24.0）,
8160/3,Preferred,Cholangiocarcinoma,胆管癌（Ｃ22.1，Ｃ24.0）,
8160/3,Synonym,Bile duct adenocarcinoma,胆管腺癌（Ｃ22.1，Ｃ24.0）,
8160/3,Synonym,Bile duct carcinoma,,
8161/0,Preferred,Bile duct cystadenoma,胆管のう胞腺腫（Ｃ22.1，Ｃ24.0）,
8161/3,Preferred,Bile duct cystadenocarcinoma,胆管のう胞腺癌（Ｃ22.1，Ｃ24.0）,
8162/3,Preferred,Perihilar cholangiocarcinoma,,
8162/3,Synonym,Klatskin tumor,クラッキン腫瘍（Ｃ22.1，Ｃ24.0） ▼１,1
8163/0,Preferred,"Pancreatobiliary neoplasm, non-invasive",膵胆管腫瘍、非浸潤性★,
8163/0,Synonym,Non-invasive pancreatobiliary papillary neoplasm with low grade dysplasia,,
8163/0,Synonym,Non-invasive pancreatobiliary papillary neoplasm with low grade intraepithelial neoplasia,,
8163/2,Preferred,"Papillary neoplasm, pancreatobiliary type, with high grade intraepithelial neoplasia",高異型度上皮内腫瘍を伴う乳頭状腫瘍，膵胆管型（Ｃ24.1）★,
8163/2,Synonym,Non-invasive pancreatobiliary papillary neoplasm with high grade dysplasia,,
8163/2,Synonym,Non-invasive pancreatobiliary papillary neoplasm with high grade intraepithelial neoplasia,,
8163/3,Preferred,Pancreatobiliary type carcinoma,膵胆管（上皮）型癌（Ｃ24.1）★,
8163/3,Synonym,"Adenocarcinoma, pancreatobiliary type",膵胆管（上皮）型腺癌（Ｃ24.1）★,
8170/0,Preferred,Liver cell adenoma,肝細胞腺腫（Ｃ22.0）,
8170/0,Synonym,Hepatocellular adenoma,,
8170/0,Synonym,"Hepatoma, benign",肝腫，良性（Ｃ22.0）,
8170/3,Preferred,"Hepatocellular carcinoma, NOS",肝細胞癌， ＮＯＳ（Ｃ22.0）,
8170/3,Synonym,"Hepatoma, NOS",ヘパトーマ，ＮＯＳ（Ｃ22.0）,
8170/3,Synonym,Hepatocarcinoma,,
8170/3,Synonym,"Hepatoma, malignant",肝腫，悪性（Ｃ22.0）,
8170/3,Synonym,Liver cell carcinoma,肝癌（Ｃ22.0）,
8171/3,Preferred,"Hepatocellular carcinoma, fibrolamellar",肝細胞癌，線維層板状（Ｃ22.0）,
8172/3,Preferred,"Hepatocellular carcinoma, scirrhous",肝細胞癌，硬性（Ｃ22.0） ※1,
8172/3,Synonym,Sclerosing hepatic carcinoma,硬化性肝癌（Ｃ22.0） ※1,
8173/3,Preferred,"Hepatocellular carcinoma, spindle cell variant",肝細胞癌，紡錘形細胞変異型（Ｃ22.0）,
8173/3,Synonym,"Hepatocellular carcinoma, sarcomatoid",肝細胞癌，肉腫様（Ｃ22.0） ※1,
8174/3,Preferred,"Hepatocellular carcinoma, clear cell type",肝細胞癌，明細胞型（Ｃ22.0） ※1,
8175/3,Preferred,"Hepatocellular carcinoma, pleomorphic type",肝細胞癌，多形型（Ｃ22.0） ※1,
8180/3,Preferred,Combined hepatocellular carcinoma and cholangiocarcinoma,肝細胞癌・胆管癌の混合型（Ｃ22.0）,
8180/3,Synonym,Hepatocholangiocarcinoma,,
8180/3,Synonym,Mixed hepatocellular and bile duct carcinoma,肝細胞癌・胆管細胞混合癌（Ｃ22.0）▼１,
8190/0,Preferred,Trabecular adenoma,索状腺腫,
8190/3,Preferred,Trabecular adenocarcinoma,索状腺癌,
8190/3,Synonym,Trabecular carcinoma,索状癌,
8191/0,Preferred,Embryonal adenoma,胎芽性腺腫,
8200/0,Preferred,Eccrine dermal cylindroma,皮膚エクリン円柱腫（Ｃ44._）,
8200/0,Related,Cylindroma of skin,皮膚の円柱腫（Ｃ44._）,
8200/0,Related,Cylindroma of breast,,
8200/0,Related,Turban tumor,ターバン腫瘍（Ｃ44.4）,
8200/3,Preferred,Adenoid cystic carcinoma,腺様のう胞癌,
8200/3,Synonym,"Cylindroma, NOS",円柱腫，ＮＯＳ（皮膚の円柱腫Ｍ-8200／0を除く）,1
8200/3,Synonym,"Adenocarcinoma, cylindroid",腺癌，類円柱,1
8200/3,Synonym,Adenocystic carcinoma,腺のう胞癌,
8200/3,Related,"Bronchial adenoma, cylindroid",気管支腺腫，円柱腫様（Ｃ34._）[obs],1
8200/3,Related,Thymic carcinoma with adenoid cystic carcinoma-like features,腺様嚢胞癌樣形態を示す胸腺癌,
8201/2,Preferred,Cribriform carcinoma in situ,篩状上皮内癌（Ｃ50._） ※2,
8201/2,Synonym,"Ductal carcinoma in situ, cribriform type",上皮内管状癌，篩状型（Ｃ50._）,
8201/3,Preferred,"Cribriform carcinoma, NOS",篩状癌，ＮＯＳ,
8201/3,Synonym,"Ductal carcinoma, cribriform type",管状癌，篩状型（Ｃ50._） ※2,
8201/3,Related,Cribriform comedo type carcinoma,"篩状面皰型癌 (C18._, C19.9, C20.9)",
8201/3,Synonym,"Adenocarcinoma, cribriform comedo type","腺癌，篩状面皰型 (C18._, C19.9,★",
8202/0,Preferred,Microcystic adenoma,微小のう胞腺腫（Ｃ25._）,
8204/0,Preferred,Lactating adenoma,乳汁分泌性腺腫（Ｃ50._） ※1,
8210/0,Preferred,"Adenomatous polyp, NOS",腺腫性ポリープ，ＮＯＳ,
8210/0,Synonym,Polypoid adenoma,ポリープ様腺腫,
8210/2,Preferred,Adenocarcinoma in situ in adenomatous polyp,腺腫性ポリープ内上皮内腺癌,
8210/2,Synonym,"Adenocarcinoma in situ in polyp, NOS",,
8210/2,Synonym,"Carcinoma in situ in polyp, NOS",,
8210/2,Synonym,Adenocarcinoma in situ in polypoid adenoma,ポリープ様腺腫内上皮内腺癌,
8210/2,Synonym,Adenocarcinoma in situ in tubular adenoma,管状腺腫内上皮内腺癌,
8210/2,Synonym,Carcinoma in situ in adenomatous polyp,腺腫性ポリープ内上皮内癌,
8210/3,Preferred,Adenocarcinoma in adenomatous polyp,腺腫性ポリープ内腺癌,
8210/3,Synonym,"Adenocarcinoma in polyp, NOS",,
8210/3,Synonym,"Carcinoma in polyp, NOS",,
8210/3,Synonym,Adenocarcinoma in polypoid adenoma,ポリープ様腺腫内腺癌,
8210/3,Synonym,Adenocarcinoma in tubular adenoma,管状腺腫内腺癌,
8210/3,Synonym,Carcinoma in adenomatous polyp,腺腫性ポリープ内癌,
8211/0,Preferred,"Tubular adenoma, NOS",管状腺腫，ＮＯＳ,
8211/3,Preferred,Tubular adenocarcinoma,,
8211/3,Synonym,Tubular carcinoma,管状癌,
8212/0,Preferred,Flat adenoma,扁平腺腫 ※1,
8213/0,Preferred,"Serrated adenoma, NOS",鋸歯状腺腫，NOS,
8213/0,Synonym,Traditional serrated adenoma,鋸歯状腺腫★,
8213/0,Related,Mixed adenomatous and hyperplastic polyp,腺腫性・過形成性混合ポリープ※1,
8213/0,Related,"Sessile serrated adenoma, NOS",無茎性鋸歯状腺腫，NOS／広基性鋸歯状腺腫，NOS,
8213/0,Related,Sessile serrated polyp,広基性鋸歯状ポリープ★,
8213/0,Related,Traditional sessile serrated adenoma,（通常型）広基性鋸歯状腺腫★,
8213/3,Preferred,Serrated adenocarcinoma,鋸歯状腺癌,
8214/3,Preferred,Parietal cell carcinoma,壁細胞癌（Ｃ16._） ※1,
8214/3,Synonym,Parietal cell adenocarcinoma,壁細胞腺癌（Ｃ16._） ※1,
8215/3,Preferred,Adenocarcinoma of anal glands,肛門腺腺癌（Ｃ21.1） ※1,
8215/3,Synonym,Adenocarcinoma of anal ducts,肛門管腺癌（Ｃ21.1） ※1,
8220/0,Preferred,Adenomatous polyposis coli,大腸腺腫性ポリポーシス（Ｃ18._）,
8220/0,Synonym,"Adenomatosis, NOS",腺腫症，ＮＯＳ,
8220/0,Synonym,Familial polyposis coli,家族性大腸ポリポーシス（Ｃ18._）,
8220/3,Preferred,Adenocarcinoma in adenomatous polyposis coli,大腸腺腫性ポリポーシス内腺癌（Ｃ18._）,
8221/0,Preferred,Multiple adenomatous polyps,多発性腺腫性ポリープ,
8221/3,Preferred,Adenocarcinoma in multiple adenomatous polyps,多発性腺腫性ポリープ内腺癌,
8230/2,Preferred,"Ductal carcinoma in situ, solid type",導管上皮内癌，充実型（Ｃ50._） ※2,1
8230/2,Synonym,"Intraductal carcinoma, solid type",導管内癌，充実型 ※2,
8230/3,Preferred,"Solid carcinoma, NOS",充実性癌，ＮＯＳ,
8230/3,Synonym,"Solid adenocarcinoma, NOS",充実性腺癌，NOS,
8230/3,Related,Solid carcinoma with mucin formation,ムチン産生を伴う充実性癌 ※2,
8230/3,Synonym,Solid adenocarcinoma with mucin formation,ムチン産生を伴う充実性腺癌 ※2,
8231/3,Preferred,Carcinoma simplex,単純癌,
8240/3,Preferred,"Neuroendocrine tumor, NOS",神経内分泌腫瘍，NOS,
8240/3,Synonym,"Carcinoid tumor, NOS",カルチノイド腫瘍，ＮＯＳ☆ ▼１,
8240/3,Synonym,"Carcinoid, NOS",カルチノイド，ＮＯＳ☆,
8240/3,Related,"Bronchial adenoma, carcinoid",気管支腺腫，カルチノイド（Ｃ34._）,
8240/3,Synonym,"Neuroendocrine carcinoma, low grade",神経内分泌癌、低異型度★,
8240/3,Synonym,"Neuroendocrine carcinoma, well differentiated",神経内分泌癌、高分化★,
8240/3,Related,"Neuroendocrine tumor, grade 1",神経内分泌腫瘍、異型度Ⅰ★,
8240/3,Synonym,Typical carcinoid,定型的カルチノイド ※2,
8241/3,Preferred,Enterochromaffin cell carcinoid,腸クロム親和性細胞カルチノイド ※2,
8241/3,Synonym,Argentaffinoma,,1
8241/3,Synonym,"Carcinoid tumor, argentaffin",カルチノイド腫瘍，銀親和性，悪性,
8241/3,Synonym,EC cell carcinoid,ＥＣ細胞カルチノイド ※2,
8241/3,Synonym,Serotonin producing carcinoid,セロトニン産生カルチノイド ※2,
8241/3,Synonym,Serotonin producing tumor,,
8242/3,Preferred,Enterochromaffin-like cell tumor,腸クロム親和性様細胞腫瘍，悪性,
8242/3,Synonym,ECL cell carcinoid,,
8243/3,Preferred,Goblet cell carcinoid,杯細胞カルチノイド,
8243/3,Synonym,Mucinous carcinoid,粘液カルチノイド,
8243/3,Synonym,Mucocarcinoid tumor,粘液カルチノイド腫瘍,
8244/3,Preferred,Mixed adenoneuroendocrine carcinoma,腺神経内分泌癌★,
8244/3,Synonym,Combined carcinoid and adenocarcinoma,腺癌混合カルチノイド,
8244/3,Synonym,Mixed carcinoid and adenocarcinoma,カルチノイド腺癌混合腫瘍／カルチノイド腺癌混合癌,
8244/3,Synonym,Composite carcinoid,複合カルチノイド☆,
8244/3,Synonym,MANEC,MANEC★,
8244/3,Synonym,Mixed carcinoid-adenocarcinoma,カルチノイド腺癌混合癌 ※2,
8245/1,Preferred,Tubular carcinoid,管状カルチノイド ※2,
8245/3,Preferred,Adenocarcinoid tumor,腺カルチノイド腫瘍,1
8246/3,Preferred,"Neuroendocrine carcinoma, NOS",神経内分泌癌，ＮＯＳ,
8246/3,Synonym,Poorly differentiated neuroendocrine neoplasm,低分化型神経内分泌腫瘍／低分化神経内分泌腫瘍,
8247/3,Preferred,Merkel cell carcinoma,メルケル細胞癌（Ｃ44._）,
8247/3,Synonym,Merkel cell tumor,メルケル細胞腫瘍（Ｃ44._）,
8247/3,Synonym,Primary cutaneous neuroendocrine carcinoma,原発性皮膚神経内分泌癌（Ｃ44._）,
8248/1,Preferred,Apudoma,アプドーマ,1
8249/3,Preferred,"Neuroendocrine tumor, grade 2",神経内分泌腫瘍，グレード２,
8249/3,Synonym,Atypical carcinoid tumor,異型カルチノイド腫瘍,
8249/3,Related,"Neuroendocrine carcinoma, moderately differentiated",神経内分泌癌、中分化★,
8249/3,Related,"Neuroendocrine tumor, grade 3",神経内分泌腫瘍，グレード3,
8250/0,Preferred,Atypical adenomatous hyperplasia,異型腺腫様過形成,
8250/1,Preferred,Pulmonary adenomatosis,肺腺腫症（Ｃ34._）,1
8250/2,Preferred,"Adenocarcinoma in situ of lung, non-mucinous",,
8250/3,Preferred,Lepidic adenocarcinoma,置換型腺癌,
8250/3,Synonym,"Bronchiolo-alveolar adenocarcinoma, NOS",細気管支肺胞腺癌，ＮＯＳ（Ｃ34._）,1
8250/3,Synonym,"Bronchiolo-alveolar carcinoma, NOS",細気管支肺胞上皮癌，ＮＯＳ,1
8250/3,Synonym,Alveolar cell carcinoma,肺胞上皮細胞癌（Ｃ34._）,1
8250/3,Synonym,Bronchiolar adenocarcinoma,細気管支腺癌（Ｃ34._）,1
8250/3,Synonym,Bronchiolar carcinoma,細気管支癌（Ｃ34._）,1
8251/0,Preferred,Alveolar adenoma,肺胞腺腫（Ｃ34._）,
8251/3,Preferred,Alveolar adenocarcinoma,肺胞腺癌（Ｃ34._）,1
8251/3,Synonym,Alveolar carcinoma,肺胞癌（C34._）,1
8252/3,Preferred,"Bronchiolo-alveolar carcinoma, non-mucinous",細気管支肺胞上皮癌，非粘液性※1,
8252/3,Synonym,"Bronchiolo-alveolar carcinoma, Clara cell",細気管支肺胞上皮癌，クララ細胞※1,1
8252/3,Synonym,"Bronchiolo-alveolar carcinoma, type II pneumocyte",細気管支肺胞上皮癌，Ⅱ型肺胞細胞型（Ｃ34._） ※1,1
8253/2,Preferred,"Adenocarcinoma in situ of lung, mucinous",,
8253/3,Preferred,"Adenocarcinoma of lung, mucinous",,
8253/3,Synonym,"Bronchiolo-alveolar carcinoma, mucinous",細気管支肺胞上皮癌，粘液性※1,1
8253/3,Synonym,"Bronchiolo-alveolar carcinoma, goblet cell type",細気管支肺胞上皮癌，胚細胞型※1,1
8254/3,Preferred,"Adenocarcinoma of lung, mixed mucinous and non-mucinous",,
8254/3,Synonym,"Bronchiolo-alveolar carcinoma, mixed mucinous and non-mucinous",細気管支肺胞上皮癌，粘液性及び非粘液性混合型（Ｃ34._） ※1,1
8254/3,Synonym,"Bronchiolo-alveolar carcinoma, Clara cell and goblet cell type",細気管支肺胞上皮癌，クララ細胞及び胚細胞型（Ｃ34._） ※1,1
8254/3,Synonym,"Bronchiolo-alveolar carcinoma, indeterminate type",細気管支肺胞上皮癌，中間型※1,1
8254/3,Synonym,"Bronchiolo-alveolar carcinoma, type II pneumocyte and goblet cell type",細気管支肺胞上皮癌，Ⅱ型肺胞細胞及び胚細胞型（Ｃ34._） ※1,1
8255/3,Preferred,Adenocarcinoma with mixed subtypes,亜型の混在を伴う腺癌 ※1,
8255/3,Synonym,Adenocarcinoma combined with other types of carcinoma,他の癌腫を伴う腺癌 ※1,
8256/3,Preferred,"Minimally invasive adenocarcinoma, non-mucinous",微少浸潤性腺癌，非粘液性,
8257/3,Preferred,"Minimally invasive adenocarcinoma, mucinous",微少浸潤性腺癌，粘液性,
8260/0,Preferred,"Papillary adenoma, NOS",乳頭状腺腫，ＮＯＳ,
8260/0,Related,Glandular papilloma,腺状乳頭腫 ※2,
8260/1,Preferred,Aggressive papillary tumor,,
8260/3,Preferred,"Papillary adenocarcinoma, NOS",乳頭状腺癌，ＮＯＳ,
8260/3,Related,Papillary carcinoma of thyroid,甲状腺乳頭癌（Ｃ73.9） ※2,
8260/3,Related,Papillary renal cell carcinoma,乳頭状腎細胞癌（Ｃ64.9） ※2,
8261/0,Preferred,"Villous adenoma, NOS",絨毛状腺腫，ＮＯＳ ※6,
8261/0,Related,Villous papilloma,絨毛状乳頭腫 ※6,
8261/2,Preferred,Adenocarcinoma in situ in villous adenoma,絨毛状腺腫内上皮内腺癌,
8261/3,Preferred,Adenocarcinoma in villous adenoma,絨毛状腺腫内腺癌,
8262/3,Preferred,Villous adenocarcinoma,絨毛状腺癌,
8263/0,Preferred,"Tubulovillous adenoma, NOS",腺管絨毛腺腫，ＮＯＳ,
8263/0,Synonym,Villoglandular adenoma,絨毛状腺管腺腫,
8263/0,Related,Papillotubular adenoma,乳頭状管状腺腫,
8263/0,Synonym,Tubulo-papillary adenoma,管状乳頭状腺腫★,
8263/2,Preferred,Adenocarcinoma in situ in tubulovillous adenoma,腺管絨毛腺腫内上皮内腺癌,
8263/3,Preferred,Adenocarcinoma in tubulovillous adenoma,腺管絨毛腺腫内腺癌,
8263/3,Related,Villoglandular carcinoma,絨毛腺管癌,
8263/3,Related,Villoglandular variant of endometrioid adenocarcinoma,絨毛腺管型類内膜癌,
8263/3,Related,Papillotubular adenocarcinoma,乳頭腺管腺癌 ※2,
8263/3,Synonym,Tubulopapillary adenocarcinoma,管状乳頭状腺癌 ※2,
8264/0,Preferred,"Papillomatosis, glandular",乳頭腫症，腺状 ※1,1
8264/0,Related,Biliary papillomatosis,胆管乳頭腫症（Ｃ22.1，Ｃ24.0） ※1,1
8265/3,Preferred,"Micropapillary carcinoma, NOS",,
8265/3,Related,Micropapillary adenocarcinoma,微小乳頭型腺癌,
8270/0,Preferred,Chromophobe adenoma,嫌色素性腺腫（Ｃ75.1）,
8270/3,Preferred,Chromophobe carcinoma,嫌色素性癌（Ｃ75.1）,
8270/3,Synonym,Chromophobe adenocarcinoma,嫌色素性腺癌（Ｃ75.1）,
8271/0,Preferred,Lactotroph adenoma,乳腺刺激ホルモン産生細胞腺腫,
8271/0,Synonym,Prolactinoma,プロラクチノーマ（Ｃ75.1）,
8272/0,Preferred,"Pituitary adenoma, NOS",下垂体腺腫，ＮＯＳ（Ｃ75.1） ※1,
8272/0,Related,Corticotroph adenoma,,
8272/0,Related,Null cell adenoma,,
8272/0,Related,Plurihormonal adenoma,,
8272/0,Related,Gonodotroph adenoma,,
8272/0,Related,Somatotroph adenoma,,
8272/0,Related,Thyrotroph adenoma,,
8272/0,Related,"Pituitary adenoma, ectopic",,
8272/3,Preferred,"Pituitary carcinoma, NOS",下垂体癌，ＮＯＳ（Ｃ75.1） ※1,
8273/3,Preferred,Pituitary blastoma,下垂体芽腫,
8280/0,Preferred,Acidophil adenoma,好酸性腺腫（Ｃ75.1）,1
8280/0,Synonym,Eosinophil adenoma,エオジン好性腺腫（Ｃ75.1）,1
8280/3,Preferred,Acidophil carcinoma,好酸性癌（Ｃ75.1）,1
8280/3,Synonym,Acidophil adenocarcinoma,好酸性腺癌（Ｃ75.1）,1
8280/3,Synonym,Eosinophil adenocarcinoma,エオジン好性腺癌（Ｃ75.1）,1
8280/3,Synonym,Eosinophil carcinoma,エオジン好性癌（Ｃ75.1）,1
8281/0,Preferred,Mixed acidophil-basophil adenoma,好酸性・好塩基性混合腺腫（Ｃ75.1）,1
8281/3,Preferred,Mixed acidophil-basophil carcinoma,好酸性・好塩基性混合癌（Ｃ75.1）,1
8290/0,Preferred,Oxyphilic adenoma,好酸性腺腫,
8290/0,Synonym,Oncocytic adenoma,オンコサイト性腺腫,
8290/0,Synonym,Oncocytoma,オンコサイトーマ,
8290/0,Related,"Follicular adenoma, oxyphilic cell",ろ胞腺腫，好酸性細胞型（Ｃ73.9）,
8290/0,Related,Hurthle cell adenoma,ヒュルトル細胞腺腫（Ｃ73.9）,
8290/0,Related,Hurthle cell tumor,ヒュルトル細胞腫瘍（Ｃ73.9）,
8290/0,Related,Spindle cell oncocytoma,紡錘細胞膨大細胞腫 (C75.1)★,
8290/0,Related,Oncocytic papillary cystadenoma,,
8290/3,Preferred,Oxyphilic adenocarcinoma,好酸性腺癌,
8290/3,Synonym,Oncocytic adenocarcinoma,オンコサイト性腺癌,
8290/3,Synonym,Oncocytic carcinoma,オンコサイト癌,
8290/3,Related,Hurthle cell carcinoma,ヒュルトル細胞癌（Ｃ73.9）,
8290/3,Related,Hurthle cell adenocarcinoma,ヒュルトル細胞腺癌（Ｃ73.9）,
8290/3,Related,"Follicular carcinoma, oxyphilic cell",ろ胞癌，好酸性細胞型（Ｃ73.9） ※2,
8300/0,Preferred,Basophil adenoma,好塩基性腺腫（Ｃ75.1）,1
8300/0,Synonym,Mucoid cell adenoma,乳頭状管状腺腫（Ｃ75.1）,1
8300/3,Preferred,Basophil carcinoma,好塩基性癌（Ｃ75.1）,1
8300/3,Synonym,Basophil adenocarcinoma,好塩基性腺癌（Ｃ75.1）,1
8300/3,Synonym,Mucoid cell adenocarcinoma,類粘液細胞腺癌（Ｃ75.1）,1
8310/0,Preferred,Clear cell adenoma,明細胞腺腫,
8310/3,Preferred,"Clear cell adenocarcinoma, NOS",明細胞腺癌，ＮＯＳ,
8310/3,Synonym,"Clear cell carcinoma, NOS",,
8310/3,Related,"Clear cell adenocarcinoma, mesonephroid",明細胞腺癌，類中腎型,
8310/3,Related,"Clear cell renal cell carcinoma, NOS",淡明細胞型腎明細胞癌，NOS,
8311/1,Preferred,Hypernephroid tumor,,1
8311/3,Preferred,Hereditary leiomyomatosis and renal cell carcinoma (HLRCC) syndrome-associated renal cell carcinoma,,
8311/3,Related,MiT family translocation carcinoma,MiTファミリー転座型腎細胞癌,
8311/3,Related,Succinate dehydrogenase deficient renal cell carcinoma,コハク酸脱水素酵素遺伝子欠損性腎細胞癌,
8312/3,Preferred,"Renal cell carcinoma, NOS",腎細胞癌，ＮＯＳ（Ｃ64.9）,
8312/3,Synonym,Renal cell adenocarcinoma,,
8312/3,Related,"Renal cell carcinoma, unclassified",腎細胞癌，分類不能型,
8312/3,Synonym,Grawitz tumor,,1
8312/3,Synonym,Hypernephroma,,1
8313/0,Preferred,Clear cell adenofibroma,明細胞腺線維腫(Ｃ56.9),
8313/0,Synonym,Clear cell cystadenofibroma,明細胞のう胞腺線維腫(Ｃ56.9),
8313/1,Preferred,Clear cell borderline tumor,境界悪性明細胞腫瘍（C56.9）★ ▼1,
8313/1,Synonym,"Clear cell tumor, atypical proliferative",明細胞腫瘍，（異常）増殖成分を伴う,
8313/1,Synonym,Clear cell cystic tumor of borderline malignancy,境界悪性明細胞嚢胞性腫瘍,
8313/1,Related,Clear cell adenofibroma of borderline malignancy,境界悪性明細胞腺線維腫(Ｃ56.9),
8313/1,Synonym,Clear cell cystadenofibroma of borderline malignancy,境界悪性明細胞のう胞腺線維腫※2,
8313/3,Preferred,Clear cell adenocarcinofibroma,明細胞腺癌線維腫(Ｃ56.9)※2,
8313/3,Synonym,Clear cell cystadenocarcinofibroma,明細胞のう胞腺癌線維腫(Ｃ56.9)※2,
8314/3,Preferred,Lipid-rich carcinoma,高脂質癌（Ｃ50._）,
8315/3,Preferred,Glycogen-rich carcinoma,高グリコーゲン癌,
8315/3,Synonym,Glycogen-rich clear cell carcinoma,富グリコーゲン明細胞癌／高グリコーゲン明細胞癌,
8316/1,Preferred,Multilocular cystic renal neoplasm of low malignant potential,低悪性度多房性嚢胞性腎腫瘍,
8316/3,Preferred,Cyst-associated renal cell carcinoma,のう胞随伴性腎細胞癌（Ｃ64.9） ※1,
8316/3,Related,Acquired cystic disease-associated renal cell carcinoma,後天性嚢胞腎随伴腎細胞癌,
8316/3,Related,Tubulocystic renal cell carcinoma,管状嚢胞腎細胞癌,
8317/3,Preferred,"Renal cell carcinoma, chromophobe type",腎細胞癌，嫌色素性型（Ｃ64.9） ※1,
8317/3,Synonym,Chromophobe cell renal carcinoma,嫌色素性細胞腎癌（Ｃ64.9） ※1,
8317/3,Related,Hybrid oncocytic chromophobe tumor,,
8318/3,Preferred,"Renal cell carcinoma, sarcomatoid",腎細胞癌，肉腫様（Ｃ64.9） ※1,
8318/3,Synonym,"Renal cell carcinoma, spindle cell",腎細胞癌，紡錘形細胞（Ｃ64.9）,
8319/3,Preferred,Collecting duct carcinoma,集合管癌（Ｃ64.9） ※1,
8319/3,Synonym,Bellini duct carcinoma,ベリーニ管癌（Ｃ64.9） ※1,
8319/3,Synonym,"Renal carcinoma, collecting duct type",腎癌，集合管型（Ｃ64.9） ※1,
8320/3,Preferred,Granular cell carcinoma,顆粒細胞癌,
8320/3,Synonym,Granular cell adenocarcinoma,顆粒細胞腺癌,
8321/0,Preferred,Chief cell adenoma,主細胞腺腫（Ｃ75.0）,
8322/0,Preferred,Water-clear cell adenoma,水様細胞腺腫（Ｃ75.0）,
8322/3,Preferred,Water-clear cell adenocarcinoma,水様細胞腺癌（Ｃ75.0）,
8322/3,Synonym,Water-clear cell carcinoma,水様細胞癌（Ｃ75.0）,
8323/0,Preferred,Mixed cell adenoma,混合細胞腺腫,
8323/1,Preferred,Clear cell papillary renal cell carcinoma,,
8323/3,Preferred,Mixed cell adenocarcinoma,混合細胞腺癌,
8324/0,Preferred,Lipoadenoma,脂肪腺腫,
8324/0,Synonym,Adenolipoma,腺脂肪腫,
8325/0,Preferred,Metanephric adenoma,後腎腺腫（Ｃ64.9） ※1,
8330/0,Preferred,"Follicular adenoma, NOS",濾胞腺腫，NOS,
8330/1,Preferred,Atypical follicular adenoma,異型ろ胞腺腫（Ｃ73.9） ※2,1
8330/3,Preferred,"Follicular carcinoma, NOS",ろ胞癌，ＮＯＳ（Ｃ73.9）,
8330/3,Synonym,"Follicular adenocarcinoma, NOS",ろ胞腺癌，ＮＯＳ（Ｃ73.9）,
8331/3,Preferred,"Follicular adenocarcinoma, well differentiated",ろ胞腺癌，高分化型（Ｃ73.9）,
8331/3,Synonym,"Follicular carcinoma, well differentiated",ろ胞癌，高分化型（Ｃ73.9）,
8332/3,Preferred,"Follicular adenocarcinoma, trabecular",ろ胞腺癌，索状型（Ｃ73.9）,
8332/3,Synonym,"Follicular carcinoma, trabecular",ろ胞癌，索状型（Ｃ73.9）,
8332/3,Related,"Follicular adenocarcinoma, moderately differentiated",ろ胞腺癌，中分化型（Ｃ73.9）,
8332/3,Synonym,"Follicular carcinoma, moderately differentiated",ろ胞癌，中分化型（Ｃ73.9）,
8333/0,Preferred,"Microfollicular adenoma, NOS",小ろ胞腺腫，ＮＯＳ（Ｃ73.9）,
8333/0,Synonym,Fetal adenoma,胎児性腺腫（Ｃ73.9）,
8333/3,Preferred,Fetal adenocarcinoma,胎児性腺癌（C73.9） ※2,
8334/0,Preferred,Macrofollicular adenoma,大ろ胞腺腫，ＮＯＳ（Ｃ73.9）,
8334/0,Synonym,Colloid adenoma,コロイド腺腫（Ｃ73.9）,
8335/1,Preferred,Follicular tumor of uncertain malignant potential,悪性度不明の濾胞性腫瘍,
8335/1,Synonym,"Follicular carcinoma, encapsulated, NOS",,
8335/3,Preferred,"Follicular carcinoma, minimally invasive",ろ胞癌，微少浸潤性（Ｃ73.9） ※1,
8336/1,Preferred,Hyalinizing trabecular tumor,硝子化索状腫瘍,
8336/1,Synonym,Hyalinizing trabecular adenoma,硝子化索状腺腫,
8337/3,Preferred,Poorly differentiated thyroid carcinoma,低分化甲状腺癌,
8337/3,Synonym,Insular carcinoma,島状癌（Ｃ73.9） ※1,
8339/3,Preferred,"Follicular carcinoma, encapsulated, angioinvasive",濾胞癌，脈管浸潤性被包型,
8340/3,Preferred,"Papillary carcinoma, follicular variant",乳頭状癌，ろ胞状亜型（Ｃ73.9）,
8340/3,Synonym,"Papillary adenocarcinoma, follicular variant",乳頭腺癌，ろ胞状亜型（Ｃ73.9）,
8340/3,Related,Papillary and follicular adenocarcinoma,乳頭状・ろ胞腺癌（Ｃ73.9）,
8340/3,Related,Papillary and follicular carcinoma,乳頭・ろ胞癌（Ｃ73.9）,
8341/3,Preferred,Papillary microcarcinoma,微小乳頭癌（Ｃ73.9） ※1,
8342/3,Preferred,"Papillary carcinoma, oncocytic variant",好酸性細胞型乳頭癌,
8342/3,Synonym,"Papillary carcinoma, oxyphilic cell",乳頭癌，好酸性細胞（Ｃ73.9） ※1,
8343/3,Preferred,"Papillary carcinoma, encapsulated, of thyroid",,
8344/3,Preferred,"Papillary carcinoma, columnar cell",乳頭癌，円柱上皮細胞（Ｃ73.9） ※1,
8344/3,Synonym,"Papillary carcinoma, tall cell",乳頭癌，tall細胞（Ｃ73.9） ※1,
8345/3,Preferred,Medullary thyroid carcinoma,甲状腺髄様癌,
8345/3,Synonym,C cell carcinoma,Ｃ細胞癌（Ｃ73.9） ※3,
8345/3,Synonym,Parafollicular cell carcinoma,傍濾胞細胞癌（Ｃ73.9） ※3,1
8345/3,Related,Medullary carcinoma with amyloid stroma,アミロイド間質を伴う髄様癌（Ｃ73.9）,
8346/3,Preferred,Mixed medullary-follicular carcinoma,髄様・ろ胞混合癌（Ｃ73.9） ※1,
8347/3,Preferred,Mixed medullary-papillary carcinoma,髄様・乳頭混合癌（Ｃ73.9） ※1,
8348/1,Preferred,Well differentiated tumor of uncertain malignant potential,悪性度不明の高分化腫瘍,
8349/1,Preferred,Non-invasive follicular thyroid neoplasm with papillary-like nuclear features (NIFTP),乳頭癌様核所見を有する非浸潤性甲状腺濾胞性腫瘍,
8350/3,Preferred,Nonencapsulated sclerosing carcinoma,非被包性硬化癌（Ｃ73.9）,1
8350/3,Synonym,Nonencapsulated sclerosing adenocarcinoma,非被包性硬化腺癌（Ｃ73.9）,1
8350/3,Synonym,Nonencapsulated sclerosing tumor,非被包性硬化腫瘍（Ｃ73.9）,1
8350/3,Related,"Papillary carcinoma, diffuse sclerosing",乳頭癌，び慢性硬化（Ｃ73.9） ※2,1
8360/1,Preferred,Multiple endocrine adenomas,多発性内分泌腺腫,1
8360/1,Synonym,Endocrine adenomatosis,内分泌腺腫症,1
8361/0,Preferred,Juxtaglomerular tumor,傍糸球体腫瘍（Ｃ64.9） ※6,
8361/0,Synonym,Juxtaglomerular cell tumor,,
8361/0,Synonym,Reninoma,レニン産生腫瘍（Ｃ64.9） ※6,
8370/0,Preferred,"Adrenal cortical adenoma, NOS",副腎皮質腺腫（Ｃ74.0）,
8370/0,Synonym,"Adrenal cortical tumor, NOS",副腎皮質腫瘍，ＮＯＳ（Ｃ74.0）,
8370/0,Synonym,"Adrenal cortical tumor, benign",副腎皮質腫瘍，良性（Ｃ74.0）,
8370/3,Preferred,Adrenal cortical carcinoma,副腎皮質癌（Ｃ74.0）,
8370/3,Synonym,Adrenal cortical adenocarcinoma,副腎皮質腺癌（Ｃ74.0）,
8370/3,Synonym,"Adrenal cortical tumor, malignant",副腎皮質腫瘍，悪性（Ｃ74.0）,
8371/0,Preferred,"Adrenal cortical adenoma, compact cell",副腎皮質腺腫，緻密細胞（Ｃ74.0）,
8372/0,Preferred,"Adrenal cortical adenoma, pigmented",副腎皮質腺腫，色素沈着性（Ｃ74.0）,
8372/0,Synonym,Black adenoma,黒色腺腫（Ｃ74.0）,
8372/0,Synonym,Pigmented adenoma,色素沈着性腺腫（Ｃ74.0） ※2,
8373/0,Preferred,"Adrenal cortical adenoma, clear cell",副腎皮質腺腫，明細胞（Ｃ74.0）,
8374/0,Preferred,"Adrenal cortical adenoma, glomerulosa cell",副腎皮質腺腫，球状層細胞（Ｃ74.0）,
8375/0,Preferred,"Adrenal cortical adenoma, mixed cell",副腎皮質腺腫，混合細胞（Ｃ74.0）,
8380/0,Preferred,"Endometrioid adenoma, NOS",類内膜腺腫，ＮＯＳ,
8380/0,Synonym,"Endometrioid cystadenoma, NOS",類内膜のう胞腺腫，ＮＯＳ,
8380/1,Preferred,"Endometrioid adenoma, borderline malignancy",類内膜腺腫，境界悪性,
8380/1,Synonym,"Endometrioid tumor, borderline",,
8380/1,Synonym,Atypical proliferative endometrioid tumor,異型増殖性類内膜腫瘍 ※2,
8380/1,Synonym,"Endometrioid cystadenoma, borderline malignancy",類内膜のう胞腺腫，境界悪性,
8380/1,Synonym,Endometrioid tumor of low malignant potential,低悪性度類内膜腫瘍,
8380/2,Preferred,Endometrioid intraepithelial neoplasia,類内膜上皮内腫瘍,
8380/2,Synonym,Atypical hyperplasia of endometrium,,
8380/3,Preferred,"Endometrioid adenocarcinoma, NOS",類内膜腺癌，ＮＯＳ,
8380/3,Synonym,"Endometrioid carcinoma, NOS",類内膜癌，ＮＯＳ,
8380/3,Related,Endometrioid cystadenocarcinoma,類内膜のう胞腺癌,
8381/0,Preferred,"Endometrioid adenofibroma, NOS",類内膜腺線維腫，ＮＯＳ,
8381/0,Synonym,"Endometrioid cystadenofibroma, NOS",類内膜のう胞腺線維腫，ＮＯＳ,
8381/1,Preferred,"Endometrioid adenofibroma, borderline malignancy",類内膜腺線維腫，境界悪性,
8381/1,Synonym,"Endometrioid cystadenofibroma, borderline malignancy",類内膜のう胞腺線維腫，境界悪性,
8381/3,Preferred,"Endometrioid adenofibroma, malignant",類内膜腺線維腫，悪性,
8381/3,Synonym,"Endometrioid cystadenofibroma, malignant",類内膜のう胞腺線維腫，悪性,
8382/3,Preferred,"Endometrioid adenocarcinoma, secretory variant",類内膜腺癌，分泌変異型 ※1,
8383/3,Preferred,"Endometrioid adenocarcinoma, ciliated cell variant",類内膜腺癌，繊毛細胞変異型 ※1,
8384/3,Preferred,"Adenocarcinoma, endocervical type, NOS",,
839-842,2,Adnexal and skin appendage neoplasms,皮膚付属器新生物,
8390/0,Preferred,Skin appendage adenoma,皮膚付属器腺腫，良性（Ｃ44._）,
8390/0,Synonym,"Adnexal tumor, benign",,
8390/0,Synonym,"Skin appendage tumor, benign",皮膚付属器腫瘍，良性（Ｃ44._）,
8390/3,Preferred,"Adnexal adenocarcinoma, NOS",皮膚付属器腺癌，NOS,
8390/3,Synonym,Skin appendage carcinoma,皮膚付属器癌（Ｃ44._）,
8390/3,Synonym,Adnexal carcinoma,,
8391/0,Preferred,Follicular fibroma,毛包線維腫（Ｃ44._） ※1,
8391/0,Synonym,Fibrofolliculoma,線維毛包腫（Ｃ44._） ※1,
8391/0,Synonym,Perifollicular fibroma,毛包周囲性線維腫（Ｃ44._） ※1,
8391/0,Synonym,Trichodiscoma,毛盤腫（Ｃ44._） ※1,
8391/0,Related,Spindle cell predominant trichodiscoma,,
8392/0,Preferred,Syringofibroadenoma,汗腺線維腺腫（Ｃ44._） ※1,
8400/0,Preferred,Sweat gland adenoma,汗腺腺腫（Ｃ44._）,
8400/0,Synonym,"Syringadenoma, NOS",汗腺腺腫，ＮＯＳ（Ｃ44._）,
8400/0,Synonym,"Sweat gland tumor, benign",汗腺腫瘍，良性（Ｃ44._）,
8400/1,Preferred,"Sweat gland tumor, NOS",汗腺腫瘍，ＮＯＳ（Ｃ44._）,
8400/3,Preferred,Sweat gland adenocarcinoma,汗腺腺癌（Ｃ44._）,
8400/3,Synonym,Sweat gland carcinoma,汗腺癌（Ｃ44._）,
8400/3,Synonym,"Sweat gland tumor, malignant",汗腺腫瘍，悪性（Ｃ44._）,
8401/0,Preferred,Apocrine adenoma,アポクリン腺腫,
8401/0,Synonym,Apocrine cystadenoma,アポクリンのう胞腺腫 ※2,
8401/3,Preferred,Apocrine adenocarcinoma,アポクリン腺癌,
8401/3,Synonym,Apocrine carcinoma,,
8402/0,Preferred,"Hidradenoma, NOS",汗腺腫，NOS,
8402/0,Synonym,Nodular hidradenoma,結節性汗腺腫（Ｃ44._） ※3,
8402/0,Related,Clear cell hidradenoma,明細胞汗腺腫（Ｃ44._）,
8402/0,Related,Eccrine acrospiroma,エクリン先端孔汗腺腫（Ｃ44._）,
8402/3,Preferred,Hidradenocarcinoma,汗腺癌（Ｃ44._） ※2,
8402/3,Synonym,"Nodular hidradenoma, malignant",結節性汗腺腫，悪性（Ｃ44._） ※2,
8403/0,Preferred,"Spiradenoma, NOS",らせん腺腫，ＮＯＳ（Ｃ44._）,
8403/0,Synonym,Eccrine spiradenoma,エクリンらせん腺腫（Ｃ44._）,
8403/3,Preferred,Malignant eccrine spiradenoma,悪性エクリンらせん腺腫（Ｃ44._） ※2,
8403/3,Related,Malignant neoplasm arising from pre-existing spiradenoma,,
8403/3,Related,Malignant neoplasm arising from pre-existing cylindroma,,
8403/3,Related,Malignant neoplasm arising from pre-existing spiradenocylindroma,,
8404/0,Preferred,Hidrocystoma,汗腺のう胞腫（Ｃ44._）,
8404/0,Synonym,Hidrocystadenoma,,
8404/0,Synonym,Eccrine cystadenoma,エクリンのう胞腺腫（Ｃ44._） ※2,
8405/0,Preferred,Papillary hidradenoma,乳頭状汗腺腫,
8405/0,Synonym,Hidradenoma papilliferum,乳頭状汗腺腫 ※2,
8406/0,Preferred,Syringocystadenoma papilliferum,乳頭状汗のう胞腺腫 ※2,
8406/0,Synonym,Papillary syringadenoma,乳頭状汗腺腫（Ｃ44._）,
8406/0,Synonym,Papillary syringocystadenoma,乳頭状汗のう胞腺腫（Ｃ44._）,
8406/0,Related,Sialadenoma papilliferum,,
8406/3,Preferred,Syringocystadenocarcinoma papilliferum,,
8407/0,Preferred,"Syringoma, NOS",汗管腫，ＮＯＳ（Ｃ44._）,
8407/0,Related,Syringomatous tumor of nipple,,
8407/0,Synonym,Syringomatous adenoma of nipple,,
8407/0,Synonym,Infiltrating syringomatous adenoma of nipple,,
8407/3,Preferred,Microcystic adnexal carcinoma,微小のう胞性付属器癌（Ｃ44._）,
8407/3,Synonym,Sclerosing sweat duct carcinoma,硬化性汗管癌（Ｃ44._） ※2,
8407/3,Synonym,Syringomatous carcinoma,汗管腫様癌（Ｃ44._） ※2,
8408/0,Preferred,Eccrine papillary adenoma,エクリン乳頭状腺腫（Ｃ44._）,
8408/3,Preferred,Digital papillary adenocarcinoma,指状乳頭状腺癌（Ｃ44._） ※2,
8408/3,Synonym,Aggressive digital papillary adenoma,侵襲性指状乳頭状腺腫,1
8408/3,Synonym,Eccrine papillary adenocarcinoma,エクリン乳頭状腺癌（Ｃ44._） ※2,
8409/0,Preferred,"Poroma, NOS",,
8409/0,Related,"Eccrine poroma, NOS",,
8409/0,Related,Apocrine poroma,,
8409/2,Preferred,Porocarcinoma in situ,,
8409/3,Preferred,"Porocarcinoma, NOS",汗孔癌，NOS,
8409/3,Synonym,"Eccrine poroma, malignant",エクリン汗孔腫，悪性 ※1,
8410/0,Preferred,Sebaceoma,脂腺腫／脂腺腺腫,
8410/0,Related,Sebaceous adenoma,皮脂腺腫（Ｃ44._）,
8410/0,Related,Sebaceous epithelioma,脂腺上皮腫（Ｃ44._） ※2,
8410/3,Preferred,Sebaceous carcinoma,皮脂腺癌（Ｃ44._）,
8410/3,Synonym,Sebaceous adenocarcinoma,脂腺癌（Ｃ44._）,
8413/3,Preferred,Eccrine adenocarcinoma,エクリン腺癌（Ｃ44._） ※1,
8420/0,Preferred,Ceruminous adenoma,耳垢腺腫（Ｃ44.2）,
8420/3,Preferred,Ceruminous adenocarcinoma,耳垢腺癌（Ｃ44.2）,
8420/3,Synonym,Ceruminous carcinoma,耳垢癌（Ｃ44.2）,
843,2,Mucoepidermoid neoplasms,粘表皮性新生物,
8430/1,Preferred,Mucoepidermoid tumor,,1
8430/3,Preferred,Mucoepidermoid carcinoma,粘表皮癌,
844-849,2,"Cystic, mucinous and serous neoplasms",のう胞性，粘液性及び漿液性新生物,
8440/0,Preferred,"Cystadenoma, NOS",のう胞腺腫，ＮＯＳ,
8440/0,Synonym,"Cystoma, NOS",のう胞腫，ＮＯＳ,
8440/3,Preferred,"Cystadenocarcinoma, NOS",のう胞腺癌，ＮＯＳ,1
8441/0,Preferred,"Serous cystadenoma, NOS",漿液性のう胞腺腫，ＮＯＳ,
8441/0,Synonym,Serous cystoma,漿液性のう胞腫,
8441/0,Related,Serous microcystic adenoma,漿液性小のう胞腺腫 ※2,
8441/0,Synonym,"Papillary serous cystadenoma, NOS",乳頭状漿液性嚢胞腺腫，NOS,
8441/2,Preferred,Serous intraepithelial carcinoma,漿液性上皮内癌,
8441/2,Related,Serous tubal intraepithelial carcinoma (STIC),漿液性卵管上皮内癌,
8441/2,Related,Serous endometrial intraepithelial carcinoma,漿液性子宮内膜上皮内癌,
8441/3,Preferred,"Serous carcinoma, NOS",漿液性癌，ＮＯＳ ※2,
8441/3,Synonym,"Serous cystadenocarcinoma, NOS",漿液性のう胞腺癌，ＮＯＳ（Ｃ56.9）,
8441/3,Synonym,"Serous adenocarcinoma, NOS",漿液性腺癌，ＮＯＳ,
8441/3,Synonym,"Serous papillary adenocarcinoma, NOS",漿液性乳頭腺癌，NOS／漿液性乳頭状腺癌，NOS,
8441/3,Synonym,Papillary serous cystadenocarcinoma,乳頭状漿液性嚢胞腺癌,
8441/3,Synonym,Papillary serous adenocarcinoma,乳頭状漿液性腺癌,
8441/3,Synonym,Serous surface papillary carcinoma,漿液性表在性乳頭状癌／漿液性表在性乳頭癌,
8442/1,Preferred,"Serous borderline tumor, NOS",漿液性境界悪性腫瘍，NOS,
8442/1,Synonym,"Serous tumor, atypical proliferative",漿液性腫瘍，（異常）増殖成分を伴う,
8442/1,Synonym,"Serous cystadenoma, borderline malignancy",漿液性のう胞腺腫，境界悪性（Ｃ56.9）,
8442/1,Synonym,"Serous tumor, NOS, of low malignant potential",漿液性腫瘍，ＮＯＳ，低悪性度（Ｃ※6,
8442/1,Synonym,Serous papillary cystic tumor of borderline malignancy,境界悪性漿液乳頭状嚢胞腫瘍,
8442/1,Synonym,Atypical proliferative papillary serous tumor,（異常）増殖成分を伴う乳頭状漿液性腫瘍／異型増殖性乳頭状漿液性腫瘍,
8442/1,Synonym,"Papillary serous cystadenoma, borderline malignancy",乳頭状漿液性嚢胞腺腫，境界悪性,
8442/1,Synonym,Papillary serous tumor of low malignant potential,低悪性度乳頭状漿液性腫瘍,
8442/1,Synonym,Serous surface papillary tumor of borderline malignancy,境界悪性漿液性表在性乳頭腫瘍,
8443/0,Preferred,Clear cell cystadenoma,明細胞のう胞腺腫（Ｃ56.9） ※1,
8450/0,Preferred,"Papillary cystadenoma, NOS",乳頭状のう胞腺腫，ＮＯＳ（Ｃ56.9）,
8450/0,Related,Papillary cystadenofibroma,,
8450/3,Preferred,"Papillary cystadenocarcinoma, NOS",乳頭状のう胞腺癌，ＮＯＳ（Ｃ56.9）,1
8450/3,Synonym,Papillocystic adenocarcinoma,乳頭・のう胞状腺癌,1
8451/1,Preferred,"Papillary cystadenoma, borderline malignancy",乳頭状のう胞腺腫，境界悪性（Ｃ56.9）,1
8452/1,Preferred,Solid pseudopapillary tumor of ovary,卵巣充実性偽乳頭状腫瘍,
8452/1,Synonym,Papillary cystic tumor,乳頭状のう胞腫瘍（Ｃ25._）,
8452/1,Synonym,Solid and cystic tumor,充実性・のう胞腫瘍（Ｃ25._） ※2,
8452/1,Synonym,Solid and papillary epithelial neoplasm,充実性・乳頭状上皮性腫瘍（Ｃ25._）,
8452/3,Preferred,Solid pseudopapillary neoplasm of pancreas,,
8452/3,Related,Solid pseudopapillary carcinoma,充実性偽乳頭状癌（Ｃ25._） ※2,
8453/0,Preferred,Intraductal papillary mucinous adenoma,,
8453/0,Related,Intraductal papillary mucinous tumor with intermediate dysplasia,中等度異形成を伴う導管内乳頭状粘液腫瘍 (C25._),
8453/0,Related,Intraductal papillary mucinous tumor with low grade dysplasia,軽度異形成を伴う導管内乳頭状粘液腫瘍★,
8453/0,Synonym,Intraductal papillary mucinous neoplasm with low grade dysplasia,,
8453/0,Related,Intraductal papillary mucinous tumor with moderate dysplasia,中等度異形成を伴う導管内乳頭状粘液腫瘍 (C25._) ★ ▼２,
8453/0,Synonym,Intraductal papillary mucinous neoplasm with moderate dysplasia,,
8453/2,Preferred,Intraductal papillary mucinous neoplasm with high grade dysplasia,高度異形成を伴う導管内乳頭状粘液腫瘍★,
8453/2,Related,"Intraductal papillary mucinous carcinoma, non-invasive",導管内乳頭状粘液癌，非浸潤性※1,
8453/3,Preferred,Intraductal papillary mucinous neoplasm with an associated invasive carcinoma,浸潤癌を伴う導管内乳頭状粘液腫瘍★,
8453/3,Related,"Intraductal papillary mucinous carcinoma, invasive",導管内乳頭状粘液癌，浸潤性（Ｃ25._）,
8454/0,Preferred,Cystic tumor of atrio-ventricular node,房室結節のう胞腫瘍（Ｃ38.0） ※1,
8460/2,Preferred,"Serous borderline tumor, micropapillary variant",微小乳頭状パターンを伴う漿液性境界悪性腫瘍,
8460/2,Synonym,"Serous carcinoma, non-invasive, low grade",漿液性癌，非浸潤性，低異型度,
8460/3,Preferred,Low grade serous carcinoma,低異型度漿液性癌,
8460/3,Related,Micropapillary serous carcinoma,微小乳頭状漿液性癌（Ｃ56.9）,
8461/0,Preferred,Serous surface papilloma,漿液性表在性乳頭腫（Ｃ56.9）,
8461/3,Preferred,High grade serous carcinoma,高異型度漿液性癌,
8470/0,Preferred,"Mucinous cystadenoma, NOS",粘液性のう胞腺腫，ＮＯＳ（Ｃ56.9）,
8470/0,Synonym,"Papillary mucinous cystadenoma, NOS",乳頭状粘液性嚢胞腺腫，NOS,
8470/0,Synonym,"Papillary pseudomucinous cystadenoma, NOS",乳頭状偽粘液性嚢胞腺腫,
8470/0,Synonym,"Pseudomucinous cystadenoma, NOS",偽粘液性のう胞腺腫，ＮＯＳ（Ｃ56.9）,
8470/0,Synonym,Mucinous cystoma,粘液性のう胞腫（Ｃ56.9）,
8470/0,Related,Mucinous cystic neoplasm with intermediate grade dysplasia,中等度異形成を伴う粘液性のう胞腫瘍※２ ★ ▼１,
8470/0,Related,Mucinous cystic neoplasm with intermediate grade intraepithelial neoplasia,中異型度上皮内腫瘍を伴う粘液性のう胞腫瘍 (C22._) ★,
8470/0,Related,Mucinous cystic neoplasm with low grade dysplasia,軽度異形成を伴う粘液性のう胞腫瘍★,
8470/0,Related,Mucinous cystic neoplasm with low grade intraepithelial neoplasia,低異型度上皮内腫瘍を伴う粘液性のう胞腫瘍 (C22._) ★,
8470/0,Related,Mucinous cystic tumor with intermediate dysplasia,,
8470/0,Related,Mucinous cystic tumor with low grade dysplasia,軽度異形成を伴う粘液性のう胞腫瘍★,
8470/0,Related,Mucinous cystic tumor with moderate dysplasia,,
8470/2,Preferred,Mucinous cystic neoplasm with high grade dysplasia,高度異形成を伴う粘液性嚢胞腫瘍,
8470/2,Related,"Mucinous cystadenocarcinoma, non-invasive",粘液性嚢胞腺癌，非浸潤性,
8470/2,Related,Mucinous cystic tumor with high grade dysplasia,高度異形成を伴う粘液性のう胞腫瘍★,
8470/2,Synonym,Mucinous cystic neoplasm with high grade intraepithelial neoplasia,高異型度上皮内腫瘍を伴う粘液性のう胞腫瘍（Ｃ22._）★,
8470/3,Preferred,"Mucinous cystadenocarcinoma, NOS",粘液性のう胞腺癌，ＮＯＳ（Ｃ56.9）,
8470/3,Synonym,"Pseudomucinous cystadenocarcinoma, NOS",偽粘液性のう胞腺癌，ＮＯＳ（Ｃ56.9）,
8470/3,Synonym,Pseudomucinous adenocarcinoma,偽粘液性腺癌（Ｃ56.9）,
8470/3,Related,Mucinous cystic tumor with an associated invasive carcinoma,浸潤癌を伴う粘液性のう胞腫瘍 (C25._),
8470/3,Synonym,Mucinous cystic neoplasm with an associated invasive carcinoma,,
8470/3,Synonym,Papillary mucinous cystadenocarcinoma,乳頭状粘液性のう胞腺癌，ＮＯＳ（Ｃ56.9）,
8470/3,Synonym,Papillary pseudomucinous cystadenocarcinoma,乳頭状偽粘液性のう胞腺癌（Ｃ56.9）,
8472/1,Preferred,Mucinous cystic tumor of borderline malignancy,,
8472/1,Synonym,Mucinous borderline tumor,,
8472/1,Synonym,"Mucinous tumor, NOS, of low malignant potential",低悪性度粘液性腫瘍，ＮＯＳ（Ｃ56.9）,
8472/1,Synonym,Atypical proliferative mucinous tumor,異型増殖性粘液性腫瘍（Ｃ56.9）,
8472/1,Synonym,"Mucinous cystadenoma, borderline malignancy",粘液性のう胞腺腫，境界悪性※6,
8472/1,Synonym,"Pseudomucinous cystadenoma, borderline malignancy",偽粘液性のう胞腺腫，境界悪性（Ｃ※6,
8472/1,Synonym,"Papillary mucinous cystadenoma, borderline malignancy",乳頭状粘液性嚢胞腺腫，境界悪性,
8472/1,Synonym,"Papillary pseudomucinous cystadenoma, borderline malignancy",乳頭状偽粘液性嚢胞腺腫，境界悪性,
8472/1,Synonym,Papillary mucinous tumor of low malignant potential,低悪性度乳頭状粘液性腫瘍,
8474/0,Preferred,Seromucinous cystadenoma,漿液粘液性嚢胞腺腫,
8474/1,Preferred,Seromucinous borderline tumor,漿液粘液性境界悪性腫瘍,
8474/1,Synonym,"Seromucinous tumor, atypical proliferative",漿液粘液性腫瘍，（異常）増殖成分を伴う,
8474/3,Preferred,Seromucinous carcinoma,漿液粘液性癌,
8480/0,Preferred,Mucinous adenoma,粘液性腺腫,
8480/0,Related,Mucous gland adenoma,,
8480/1,Preferred,Low grade appendiceal mucinous neoplasm,低異型度虫垂粘液腫瘍 (C18.1) ★,
8480/3,Preferred,Mucinous adenocarcinoma,粘液腺癌,
8480/3,Synonym,"Acinar adenocarcinoma, mucinous variant",,
8480/3,Synonym,Colloid adenocarcinoma,コロイド腺癌,
8480/3,Synonym,Colloid carcinoma,コロイド癌,
8480/3,Synonym,Gelatinous adenocarcinoma,,1
8480/3,Synonym,Gelatinous carcinoma,,1
8480/3,Synonym,Mucinous carcinoma,粘液性癌,
8480/3,Synonym,Mucoid adenocarcinoma,類粘液性腺癌,
8480/3,Synonym,Mucoid carcinoma,,
8480/3,Synonym,Mucous adenocarcinoma,類粘液性癌,1
8480/3,Synonym,Mucous carcinoma,,1
8480/3,Related,Pseudomyxoma peritonei with unknown primary site,原発部位不詳の腹膜偽粘液腫（Ｃ80.9）,
8480/3,Related,Mucinous tubular and spindle cell carcinoma,粘液管状紡錘細胞癌,
8480/6,Preferred,Pseudomyxoma peritonei,腹膜偽粘液腫 ▼１,
8481/3,Preferred,Mucin-producing adenocarcinoma,粘液産生腺癌,
8481/3,Synonym,Mucin-producing carcinoma,粘液産生癌,
8481/3,Synonym,Mucin-secreting adenocarcinoma,粘液分泌腺癌,
8481/3,Synonym,Mucin-secreting carcinoma,粘液分泌癌,
8482/3,Preferred,"Mucinous carcinoma, gastric type",,
8482/3,Synonym,"Mucinous adenocarcinoma, endocervical type",粘液性腺癌，内頚部型 ※1,1
8490/3,Preferred,Signet ring cell carcinoma,印環細胞癌,
8490/3,Synonym,Signet ring cell adenocarcinoma,印環細胞腺癌,
8490/3,Synonym,"Acinar adenocarcinoma, signet ring-like variant",,
8490/3,Synonym,"Mucinous carcinoma, signet ring cell type",,
8490/3,Related,Poorly cohesive carcinoma,低粘着性癌★,
8490/3,Related,Signet ring cell/histiocytoid carcinoma,,
8490/6,Preferred,Metastatic signet ring cell carcinoma,転移性印環細胞癌▼1,
8490/6,Related,Krukenberg tumor,クルケンベルグ腫瘍▼1,
850-854,2,Ductal and lobular neoplasms,導管性及び小葉性新生物,
8500/2,Preferred,"Intraductal carcinoma, noninfiltrating, NOS",導管内癌，非浸潤性，ＮＯＳ,
8500/2,Synonym,"Intraductal adenocarcinoma, noninfiltrating, NOS",導管内腺癌，非浸潤性，ＮＯＳ,
8500/2,Synonym,"Intraductal carcinoma, NOS",導管内癌，ＮＯＳ,
8500/2,Related,"Ductal carcinoma in situ, NOS",上皮内導管癌，ＮＯＳ（Ｃ50._） ※2,
8500/2,Synonym,"DCIS, NOS",ＤＣＩＳ，ＮＯＳ（Ｃ50._） ※2,
8500/2,Synonym,DIN 3,※2,
8500/2,Synonym,Ductal intraepithelial neoplasia 3,導管上皮内腫瘍３度（Ｃ50._） ※2,
8500/2,Related,"Cystic hypersecretory carcinoma, intraductal",乳管内嚢胞性過分泌癌（or  分泌過多癌）／乳管内嚢胞状高分泌癌,
8500/3,Preferred,"Infiltrating duct carcinoma, NOS",浸潤性導管癌，ＮＯＳ（Ｃ50._）,
8500/3,Synonym,Invasive breast carcinoma of no special type,浸潤性乳癌，非特殊型,
8500/3,Synonym,"Duct adenocarcinoma, NOS",導管腺癌，ＮＯＳ,
8500/3,Synonym,"Duct carcinoma, NOS",導管癌，ＮＯＳ,
8500/3,Synonym,"Ductal carcinoma, NOS",,
8500/3,Synonym,Duct cell carcinoma,導管細胞癌,
8500/3,Synonym,Infiltrating duct adenocarcinoma,浸潤性導管腺癌（Ｃ50._）,
8500/3,Related,Basal-like carcinoma of breast,乳腺基底細胞様癌／Basal-like型乳癌,
8500/3,Related,Adenocarcinoma of mammary gland type,乳腺型腺癌,
8500/3,Related,Adenocarcinoma of anogenital mammary-like glands,肛門性器部乳腺様腺癌,
8500/3,Related,Carcinoma of male breast,,
8501/2,Preferred,"Comedocarcinoma, noninfiltrating",面皰癌，非浸潤性（Ｃ50._）,
8501/2,Synonym,"Ductal carcinoma in situ, comedo type",上皮内導管癌，面皰型（Ｃ50._）,
8501/2,Synonym,"DCIS, comedo type",ＤＣＩＳ，面皰型（Ｃ50._） ※2,
8501/3,Preferred,"Comedocarcinoma, NOS",面皰癌，ＮＯＳ（Ｃ50._）,
8502/3,Preferred,Secretory carcinoma,,
8502/3,Related,Juvenile carcinoma of breast,若年性乳腺癌（Ｃ50._）,
8503/0,Preferred,Intraductal papilloma,導管内乳頭腫,
8503/0,Synonym,"Duct adenoma, NOS",導管腺腫，ＮＯＳ,
8503/0,Synonym,Ductal papilloma,導管乳頭腫,
8503/0,Related,"Intraductal papillary neoplasm, NOS",導管内乳頭状腫瘍，ＮＯＳ★,
8503/0,Related,Intracystic papillary neoplasm with low grade intraepithelial neoplasia,低異型度上皮内腫瘍を伴うのう胞内乳頭状腫瘍（C23.9）★,
8503/0,Synonym,Intracystic papillary neoplasm with intermediate grade intraepithelial neoplasia,中異型度上皮内腫瘍を伴うのう胞内乳頭状腫瘍（C23.9）★,
8503/0,Synonym,Intraglandular papillary neoplasm with low grade intraepithelial neoplasia,,
8503/0,Synonym,Intraductal papillary neoplasm with intermediate grade neoplasia,"中異型度腫瘍を伴う導管内乳頭状腫瘍（C22._, C24.0）★",
8503/0,Related,Intraductal papillary neoplasm with low grade intraepithelial neoplasia,"低異型度上皮内腫瘍を伴う導管内乳頭状腫瘍（C22._, C24.0）★",
8503/0,Related,"Intraductal tubular-papillary neoplasm, low grade",導管内管状乳頭状腫瘍，低異型度★,
8503/0,Related,Intraductal papilloma with atypical ductal hyperplasia,,
8503/2,Preferred,Noninfiltrating intraductal papillary adenocarcinoma,非浸潤性導管内乳頭状腺癌（Ｃ50._）,
8503/2,Synonym,"Intraductal papillary adenocarcinoma, NOS",導管内乳頭状腺癌，ＮＯＳ（Ｃ50._）,
8503/2,Synonym,"Intraductal papillary carcinoma, NOS",導管内乳頭状癌，ＮＯＳ（Ｃ50._）,
8503/2,Synonym,"DCIS, papillary",ＤＣＩＳ，乳頭状（Ｃ50._） ※2,
8503/2,Synonym,"Ductal carcinoma in situ, papillary",上皮内導管癌，乳頭状（Ｃ50._）,
8503/2,Synonym,Noninfiltrating intraductal papillary carcinoma,非浸潤性導管内乳頭状癌（Ｃ50._）,
8503/2,Related,Intraductal papilloma with DCIS,非浸潤性乳管癌を伴う乳管内乳頭腫,
8503/2,Related,Intraductal papillary neoplasm with high grade intraepithelial neoplasia,高異型度上皮内腫瘍を伴う導管内乳頭状腫瘍★,
8503/2,Synonym,Intracystic papillary neoplasm with high grade intraepithelial neoplasia,高異型度上皮内腫瘍を伴うのう胞内乳頭状腫瘍（C23.9）★,
8503/2,Synonym,Intracystic papillary tumor with high grade dysplasia,,
8503/2,Synonym,Intracystic papillary tumor with high grade intraepithelial neoplasia,,
8503/2,Synonym,Intraductal papillary neoplasm with high grade dysplasia,高度異形成を伴う導管内乳頭状腫瘍★,
8503/2,Synonym,Intraductal papillary tumor with high grade dysplasia,,
8503/2,Synonym,Intraductal papillary tumor with high grade intraepithelial neoplasia,,
8503/2,Related,"Intraductal tubular-papillary neoplasm, high grade",導管内管状乳頭状腫瘍，高異型度★,
8503/2,Related,Intraductal tubulopapillary neoplasm,乳管内管状乳頭状腫瘍,
8503/3,Preferred,Intraductal papillary adenocarcinoma with invasion,浸潤を伴う導管内乳頭腺癌，ＮＯＳ,
8503/3,Synonym,Infiltrating papillary adenocarcinoma,浸潤性乳頭腺癌 ※2,
8503/3,Synonym,Infiltrating and papillary adenocarcinoma,浸潤性・乳頭腺癌,
8503/3,Related,Papillary carcinoma of breast,,
8503/3,Related,Intraductal papillary neoplasm with associated invasive carcinoma,浸潤癌成分を伴う導管内乳頭状腫瘍，★,
8503/3,Synonym,Intracystic papillary neoplasm with associated invasive carcinoma,浸潤癌成分を伴うのう胞内乳頭状腫瘍（C23.9）★,
8504/0,Preferred,Intracystic papillary adenoma,のう胞内乳頭腺腫,
8504/0,Synonym,Intracystic papilloma,のう胞内乳頭腫,
8504/2,Preferred,Encapsulated papillary carcinoma,被包型乳頭状癌／被包性乳頭癌,
8504/2,Synonym,Noninfiltrating intracystic carcinoma,非浸潤性のう胞内癌,
8504/2,Synonym,Encysted papillary carcinoma,被嚢性乳頭状癌,
8504/2,Synonym,Intracystic papillary carcinoma,嚢胞内乳頭状癌,
8504/2,Synonym,"Intracystic carcinoma, NOS",嚢胞内癌，NOS,
8504/2,Synonym,Intracystic papillary adenocarcinoma,嚢胞内乳頭腺癌,
8504/3,Preferred,Encapsulated papillary carcinoma with invasion,浸潤を伴う嚢胞内乳頭状癌,
8504/3,Synonym,Encysted papillary carcinoma with invasion,浸潤を伴う被嚢性乳頭状癌,
8504/3,Synonym,Intracystic papillary carcinoma with invasion,浸潤を伴う嚢胞内乳頭状癌,
8505/0,Preferred,"Intraductal papillomatosis, NOS",導管内乳頭腫症，ＮＯＳ,
8505/0,Synonym,Diffuse intraductal papillomatosis,びまん性導管内乳頭腫症,
8506/0,Preferred,Adenoma of nipple,乳頭の腺腫（Ｃ50.0）,
8506/0,Synonym,Subareolar duct papillomatosis,乳輪下乳管乳頭腫症（Ｃ50.0）,
8507/2,Preferred,Intraductal micropapillary carcinoma,導管内小乳頭状癌（Ｃ50._） ※1,
8507/2,Synonym,"Ductal carcinoma in situ, micropapillary",上皮内導管癌，小乳頭状型※1,
8507/2,Related,"Intraductal carcinoma, clinging, high grade",,
8507/3,Preferred,Invasive micropapillary carcinoma of breast,乳腺浸潤性微小乳頭状癌,
8507/3,Synonym,Micropapillary carcinoma of breast,乳腺微小乳頭状癌,
8508/3,Preferred,Cystic hypersecretory carcinoma,のう胞状高分泌癌（Ｃ50._） ※1,1
8509/2,Preferred,Solid papillary carcinoma in situ,非浸潤性充実性乳頭状癌,
8509/2,Related,Endocrine mucin-producing sweat gland carcinoma in situ,内分泌粘液産生性汗腺上皮内癌,
8509/3,Preferred,Solid papillary carcinoma with invasion,浸潤を伴う充実性乳頭状癌,
8509/3,Related,Endocrine mucin-producing sweat gland carcinoma,内分泌粘液産生性汗腺癌,
8510/3,Preferred,"Medullary carcinoma, NOS",髄様癌，ＮＯＳ,
8510/3,Related,Medullary adenocarcinoma,髄様腺癌,
8510/3,Related,Medullary-like carcinoma,髄様様癌,
8512/3,Preferred,Medullary carcinoma with lymphoid stroma,リンパ球性間質を伴う髄様癌,1
8513/3,Preferred,Atypical medullary carcinoma,異型髄様癌（Ｃ50._） ※1,
8514/3,Preferred,"Duct carcinoma, desmoplastic type",導管癌，線維形成型,
8519/2,Preferred,"Lobular carcinoma in situ, pleomorphic",非浸潤性小葉癌，多形型,
8519/2,Synonym,"LCIS, pleomorphic",非浸潤性小葉癌，多形型,
8520/2,Preferred,"Lobular carcinoma in situ, NOS",小葉性上皮内癌，ＮＯＳ（Ｃ50._）,
8520/2,Synonym,"LCIS, NOS",ＬＣＩＳ，ＮＯＳ（Ｃ50._） ※２,
8520/2,Synonym,"Lobular carcinoma, noninfiltrating",小葉癌，非浸潤性（Ｃ50._）,
8520/2,Synonym,"Lobular carcinoma in situ, classic",非浸潤性小葉癌，古典的,
8520/2,Related,Intraductal papilloma with lobular carcinoma in situ,非浸潤性小葉癌を伴う乳管内乳頭腫,
8520/3,Preferred,"Lobular carcinoma, NOS",小葉癌，ＮＯＳ（Ｃ50._）,
8520/3,Synonym,"Infiltrating lobular carcinoma, NOS",浸潤性小葉癌，ＮＯＳ（Ｃ50._）,
8520/3,Synonym,Lobular adenocarcinoma,小葉腺癌（Ｃ50._）,
8520/3,Related,Tubulolobular carcinoma,管状小葉癌,
8520/3,Related,"Lobular carcinoma, pleomorphic",小葉癌，多形型,
8521/3,Preferred,Infiltrating ductular carcinoma,浸潤性導管癌（Ｃ50._）,
8522/2,Preferred,Intraductal carcinoma and lobular carcinoma in situ,導管内癌及び上皮内小葉癌（Ｃ50._）,
8522/3,Preferred,Infiltrating duct and lobular carcinoma,浸潤性導管内癌及び小葉癌（Ｃ50._）,
8522/3,Synonym,Lobular and ductal carcinoma,小葉及び導管癌（Ｃ50._）,
8522/3,Related,Intraductal and lobular carcinoma,導管内及び小葉癌（Ｃ50._）,
8522/3,Related,Infiltrating duct and lobular carcinoma in situ,,
8522/3,Related,Infiltrating lobular carcinoma and ductal carcinoma in situ,浸潤性小葉癌及び上皮内導管癌（Ｃ50._）,
8523/3,Preferred,Infiltrating duct mixed with other types of carcinoma,他の型の癌を伴う浸潤性導管癌※1,
8523/3,Related,Infiltrating duct and colloid carcinoma,浸潤性導管・膠様癌（Ｃ50._） ※1,
8523/3,Related,Infiltrating duct and cribriform carcinoma,浸潤性導管・篩状癌（Ｃ50._） ※1,
8523/3,Related,Infiltrating duct and mucinous carcinoma,浸潤性導管・粘液癌（Ｃ50._） ※1,
8523/3,Related,Infiltrating duct and tubular carcinoma,浸潤性導管・管状癌（Ｃ50._） ※1,
8524/3,Preferred,Infiltrating lobular mixed with other types of carcinoma,他の型の癌を伴う浸潤性小葉癌※1,
8525/3,Preferred,Polymorphous adenocarcinoma,,
8525/3,Synonym,Polymorphous carcinoma,,
8525/3,Synonym,Terminal duct adenocarcinoma,終末導管腺癌 ※1,
8530/3,Preferred,Inflammatory carcinoma,炎症性癌（Ｃ50._）,
8530/3,Synonym,Inflammatory adenocarcinoma,炎症性腺癌（Ｃ50._）,
8540/3,Preferred,"Paget disease, mammary",Paget病，乳房（Ｃ50._）,
8540/3,Synonym,Paget disease of breast,乳房Paget病（Ｃ50._）,
8540/3,Synonym,Paget disease of nipple,乳頭部パジェット病,
8541/3,Preferred,Paget disease and infiltrating duct carcinoma of breast,乳房Paget病及び浸潤性乳管癌（Ｃ50._）,
8542/3,Preferred,"Paget disease, extramammary",Paget病，乳房外（骨Paget病を除く）,
8543/3,Preferred,Paget disease and intraductal carcinoma of breast,乳房Paget病及び乳管内癌（Ｃ50._）,
855,2,Acinar cell neoplasms,腺房細胞性新生物,
8550/0,Preferred,Acinar cell adenoma,腺房細胞腺腫,
8550/0,Synonym,Acinar adenoma,腺房腺腫,
8550/0,Synonym,Acinic cell adenoma,,
8550/1,Preferred,Acinar cell tumor,,1
8550/1,Synonym,Acinic cell tumor,,1
8550/3,Preferred,Acinar cell carcinoma,腺房細胞癌,
8550/3,Synonym,"Acinar adenocarcinoma, NOS",,
8550/3,Synonym,Acinar carcinoma,腺房癌,
8550/3,Synonym,Acinic cell adenocarcinoma,腺房細胞腺癌,
8551/3,Preferred,Acinar cell cystadenocarcinoma,腺房細胞のう胞腺癌 ※1,1
8551/3,Related,Acinar adenocarcinoma of lung,,
8552/3,Preferred,Mixed acinar-ductal carcinoma,混合型腺房腺管癌 ★,
856-857,2,Complex epithelial neoplasms,複合上皮性新生物,
8560/0,Preferred,Mixed squamous cell and glandular papilloma,扁平上皮・腺混合乳頭腫 ※2,
8560/0,Synonym,Tubulosquamous polyp,,
8560/3,Preferred,Adenosquamous carcinoma,腺扁平上皮癌,
8560/3,Synonym,Mixed adenocarcinoma and epidermoid carcinoma,腺癌・類表皮癌混合癌,
8560/3,Synonym,Mixed adenocarcinoma and squamous cell carcinoma,腺癌・扁平上皮癌混合癌,
8560/3,Related,Squamoid eccrine ductal carcinoma,,
8561/0,Preferred,Adenolymphoma,腺リンパ腫（Ｃ07._，Ｃ08._）,
8561/0,Synonym,Papillary cystadenoma lymphomatosum,リンパ腫様乳頭状のう胞腺腫（Ｃ07._，,
8561/0,Synonym,Warthin tumor,Warthin腫瘍（Ｃ07._，Ｃ08._）,
8562/3,Preferred,Epithelial-myoepithelial carcinoma,上皮－筋上皮性癌,
8563/0,Preferred,Lymphadenoma,,
8570/3,Preferred,Adenocarcinoma with squamous metaplasia,扁平上皮化生を伴う腺癌,
8570/3,Synonym,Adenoacanthoma,腺棘細胞癌,
8570/3,Related,Endometrioid carcinoma with squamous differentiation,扁平上皮への分化を伴う類内膜癌,
8571/3,Preferred,Adenocarcinoma with cartilaginous and osseous metaplasia,軟骨化生・骨化生を伴う腺癌,
8571/3,Synonym,Adenocarcinoma with cartilaginous metaplasia,,
8571/3,Synonym,Adenocarcinoma with chondroid differentiation,軟骨への分化を伴う腺癌,
8571/3,Synonym,Adenocarcinoma with osseous metaplasia,骨化生を伴う腺癌,
8572/3,Preferred,Adenocarcinoma with spindle cell metaplasia,紡錘細胞化生を伴う腺癌,
8572/3,Synonym,"Acinar adenocarcinoma, sarcomatoid variant",腺房型腺癌，肉腫様型,
8572/3,Related,Fibromatosis-like metaplastic carcinoma,線維腫症性様化生癌,
8573/3,Preferred,Adenocarcinoma with apocrine metaplasia,アポクリン化生を伴う腺癌,
8573/3,Synonym,Carcinoma with apocrine metaplasia,アポクリン化生を伴う癌腫,
8574/3,Preferred,Adenocarcinoma with neuroendocrine differentiation,神経内分泌への分化を伴う腺癌 ※1,
8574/3,Synonym,Carcinoma with neuroendocrine differentiation,神経内分泌への分化を伴う癌腫,
8574/3,Synonym,Adenocarcinoma admixed with neuroendocrine carcinoma,神経内分泌癌を伴う腺癌,
8575/3,Preferred,"Metaplastic carcinoma, NOS",化生癌，ＮＯＳ ※1,
8576/3,Preferred,Hepatoid adenocarcinoma,肝様腺癌 ※1,
8576/3,Synonym,Hepatoid carcinoma,肝様癌 ※1,
858,2,Thymic epithelial neoplasms,胸腺上皮性新生物,
8580/0,Preferred,Microscopic thymoma,顕微鏡的胸腺腫,
8580/0,Related,"Thymoma, benign",胸腺腫，良性（Ｃ37.9）,
8580/1,Preferred,Micronodular thymoma with lymphoid stroma,リンパ性間質を伴う小結節性胸腺腫,
8580/3,Preferred,"Thymoma, NOS",胸腺腫，NOS,
8580/3,Related,Intrapulmonary thymoma,肺内胸腺腫,
8580/3,Related,Sclerosing thymoma,硬化性胸腺腫,
8580/3,Related,Metaplastic thymoma,化生性胸腺腫,
8581/3,Preferred,"Thymoma, type A",胸腺腫，A型,
8581/3,Synonym,"Thymoma, medullary",胸腺腫，髄様型／胸腺腫，髄様,1
8581/3,Synonym,"Thymoma, spindle cell",胸腺腫，紡錘形細胞型／胸腺腫，紡錘形細胞,1
8582/3,Preferred,"Thymoma, type AB",胸腺腫，AB型,
8582/3,Synonym,"Thymoma, mixed type",胸腺腫，混合型,
8583/3,Preferred,"Thymoma, type B1",胸腺腫，B1型,
8583/3,Synonym,"Thymoma, lymphocyte-rich",胸腺腫，高リンパ球性，悪性（Ｃ37.9）,1
8583/3,Synonym,"Thymoma, lymphocytic",胸腺腫，リンパ球性,1
8583/3,Synonym,"Thymoma, organoid",胸腺腫，類器官型／胸腺腫，器官様,1
8583/3,Synonym,"Thymoma, predominantly cortical",胸腺腫，皮質優位型，悪性（Ｃ37.9）,1
8584/3,Preferred,"Thymoma, type B2",胸腺腫，B2型,
8584/3,Synonym,"Thymoma, cortical",胸腺腫，皮質型,1
8585/3,Preferred,"Thymoma, type B3",胸腺腫，B3型,
8585/3,Synonym,"Thymoma, atypical",胸腺腫，異型型／胸腺腫，非定型的,1
8585/3,Synonym,"Thymoma, epithelial",胸腺腫，上皮性／胸腺腫，上皮型,1
8585/3,Synonym,Well differentiated thymic carcinoma,高分化型胸腺癌（Ｃ37.9） ※1,1
8586/3,Preferred,"Thymic carcinoma, NOS",胸腺癌，ＮＯＳ（Ｃ37.9） ※3,
8586/3,Synonym,"Thymoma, type C",胸腺腫，Ｃ型（Ｃ37.9） ※1,
8587/0,Preferred,Ectopic hamartomatous thymoma,異所性過誤腫性胸腺腫 ※1,
8588/3,Preferred,Spindle epithelial tumor with thymus-like element,胸腺様成分を伴う紡錘形上皮性腫瘍,
8588/3,Synonym,SETTLE,ＳＥＴＴＬＥ ※1,
8588/3,Synonym,Spindle epithelial tumor with thymus-like differentiation,,
8589/3,Preferred,Intrathyroid thymic carcinoma,甲状腺内胸腺癌,
8589/3,Synonym,Carcinoma showing thymus-like element,胸腺様成分を示す癌腫 ※1,
8589/3,Synonym,Carcinoma showing thymus-like differentiation,,
8589/3,Synonym,CASTLE,CAＳＴＬＥ ※1,
859-867,2,Specialized gonadal neoplasms,特殊な性器新生物,
8590/0,Preferred,"Sex cord-stromal tumor, benign",,
8590/0,Related,Signet-ring stromal tumor,,
8590/0,Related,Microcystic stromal tumor,,
8590/1,Preferred,"Sex cord-gonadal stromal tumor, NOS",性索・性腺間質腫瘍，ＮＯＳ,
8590/1,Synonym,"Gonadal stromal tumor, NOS",性腺間質腫瘍，ＮＯＳ,
8590/1,Synonym,"Sex cord tumor, NOS",性索腫瘍，ＮＯＳ,
8590/1,Synonym,"Sex cord-stromal tumor, NOS",性索間質性腫瘍，NOS,
8590/1,Synonym,Ovarian stromal tumor,卵巣間質腫瘍（Ｃ56.9）,
8590/1,Synonym,Testicular stromal tumor,精巣間質腫瘍（Ｃ62._）,
8590/1,Related,Uterine tumor resembling ovarian sex cord tumor,,
8591/1,Preferred,"Sex cord-gonadal stromal tumor, incompletely differentiated",性索・性腺間質腫瘍，不全分化型,
8591/1,Related,"Sex cord-stromal tumor, unclassified",,
8592/1,Preferred,"Sex cord-gonadal stromal tumor, mixed forms",性索・性腺間質腫瘍，混合型 ※1,
8592/1,Synonym,"Sex cord-gonadal stromal tumor, mixed",,
8593/1,Preferred,Stromal tumor with minor sex cord elements,微少な性索成分を伴う間質腫瘍※1,
8594/1,Preferred,"Mixed germ cell-sex cord-stromal tumor, NOS",混合型胚細胞・性索間質性腫瘍，NOS,
8594/1,Related,"Mixed germ cell-sex cord-stromal tumor, unclassified",分類不能な混合型胚細胞・性索間質性腫瘍,
8600/0,Preferred,"Thecoma, NOS",莢膜細胞腫，ＮＯＳ（Ｃ56.9）,
8600/0,Synonym,Theca cell tumor,莢膜細胞腫瘍（Ｃ56.9）,
8600/3,Preferred,"Thecoma, malignant",莢膜細胞腫，悪性（Ｃ56.9）,
8601/0,Preferred,"Thecoma, luteinized",莢膜細胞腫，黄体化（Ｃ56.9）,
8602/0,Preferred,Sclerosing stromal tumor,硬化性間質腫瘍（Ｃ56.9）,
8610/0,Preferred,"Luteoma, NOS",黄体腫，ＮＯＳ（Ｃ56.9）,
8610/0,Synonym,Luteinoma,黄体腫（Ｃ56.9）,
8620/1,Preferred,Adult granulosa cell tumor of testis,成人型顆粒膜細胞腫（精巣）（C62._）,
8620/1,Synonym,"Granulosa cell tumor of testis, NOS",,
8620/3,Preferred,Adult granulosa cell tumor of ovary,成人型顆粒膜細胞腫（卵巣）（C56.9）,
8620/3,Related,"Granulosa cell tumor, adult type",顆粒膜細胞腫，成人型 （C56.9）,
8620/3,Related,Granulosa cell carcinoma,顆粒膜細胞癌（Ｃ56.9）,1
8620/3,Related,"Granulosa cell tumor, sarcomatoid",顆粒膜細胞腫瘍，肉腫様（Ｃ56.9）,
8621/1,Preferred,Granulosa cell-theca cell tumor,顆粒膜・莢膜細胞腫瘍（Ｃ56.9）,
8621/1,Synonym,Theca cell-granulosa cell tumor,莢膜・顆粒膜細胞腫瘍（Ｃ56.9）,
8622/0,Preferred,"Granulosa cell tumor of testis, juvenile",,
8622/1,Preferred,"Granulosa cell tumor, juvenile",顆粒膜細胞腫，若年型（Ｃ56.9）,
8623/1,Preferred,Sex cord tumor with annular tubules,輪状細管を伴う性索腫瘍（Ｃ56.9）,
8630/0,Preferred,"Androblastoma, benign",アンドロブラストーマ，良性,1
8630/0,Synonym,"Arrhenoblastoma, benign",アレノブラストーマ，良性,1
8630/1,Preferred,"Androblastoma, NOS",アンドロブラストーマ，ＮＯＳ,1
8630/1,Synonym,"Arrhenoblastoma, NOS",アレノブラストーマ，ＮＯＳ,1
8630/3,Preferred,"Androblastoma, malignant",アンドロブラストーマ，悪性,1
8630/3,Synonym,"Arrhenoblastoma, malignant",アレノブラストーマ，悪性,1
8631/0,Preferred,"Sertoli-Leydig cell tumor, well differentiated",セルトリ・ライディッヒ細胞腫瘍，高分化型 ※2,
8631/1,Preferred,"Sertoli-Leydig cell tumor of intermediate differentiation, NOS",,
8631/1,Synonym,"Sertoli-Leydig cell tumor, moderately differentiated",,
8631/1,Related,"Sertoli-Leydig cell tumor, NOS",セルトリ・ライディッヒ細胞腫瘍，ＮＯＳ,
8631/3,Preferred,"Sertoli-Leydig cell tumor, poorly differentiated",セルトリ・ライディッヒ細胞腫瘍，低分化型 ※2,
8631/3,Related,"Sertoli-Leydig cell tumor, sarcomatoid",セルトリ・ライディッヒ細胞腫瘍，肉腫様,
8632/1,Preferred,Gynandroblastoma,ギナンドロブラストーマ（Ｃ56.9）,
8633/1,Preferred,"Sertoli-Leydig cell tumor, retiform",セルトリ・ライディッヒ細胞腫瘍，網様,
8634/1,Preferred,"Sertoli-Leydig cell tumor, intermediate differentiation, with heterologous elements",異所性成分を伴うセルトリ・ライディッヒ細胞腫瘍，中分化型 ※1,
8634/1,Synonym,"Sertoli-Leydig cell tumor, moderately differentiated, with heterologous elements",,
8634/1,Related,"Sertoli-Leydig cell tumor, retiform, with heterologous elements",異所性成分を伴うセルトリ・ライディッヒ細胞腫瘍，網様型 ※1,
8634/3,Preferred,"Sertoli-Leydig cell tumor, poorly differentiated, with heterologous elements",異所性成分を伴うセルトリ・ライディッヒ細房腫瘍，低分化型 ※1,
8640/1,Preferred,"Sertoli cell tumor, NOS",セルトリ細胞腫瘍，ＮＯＳ ※6,
8640/1,Synonym,"Tubular androblastoma, NOS",管状アンドロブラストーマ，ＮＯＳ,
8640/1,Synonym,Pick tubular adenoma,ピック管状腺腫 ※6,
8640/1,Synonym,Sertoli cell adenoma,セルトリ細胞腺腫 ※6,
8640/1,Synonym,Testicular adenoma,精巣腺腫 ※6,
8640/3,Preferred,Sertoli cell carcinoma,セルトリ細胞癌（Ｃ62._）,
8641/0,Preferred,Sertoli cell tumor with lipid storage,脂質蓄積を伴うセルトリ細胞腫瘍（Ｃ56.9）,
8641/0,Synonym,Folliculome lipidique,フォリクローム・リピディーク（Ｃ56.9）,
8641/0,Synonym,Lipid-rich Sertoli cell tumor,高脂質性セルトリ細胞腫瘍（Ｃ56.9）,
8641/0,Synonym,Tubular androblastoma with lipid storage,脂質蓄積を伴う管状アンドロブラストーマ（Ｃ56.9）,
8642/1,Preferred,Large cell calcifying Sertoli cell tumor,大細胞石灰化セルトリ細胞腫瘍 ※1,
8643/1,Preferred,Intratubular large cell hyalinizing Sertoli cell neoplasia,精細管内大細胞性硝子化セルトリ細胞腫,
8650/0,Preferred,"Leydig cell tumor of ovary, NOS",,
8650/1,Preferred,"Leydig cell tumor of testis, NOS",,
8650/1,Synonym,"Interstitial cell tumor, NOS",間質細胞腫瘍，ＮＯＳ,
8650/3,Preferred,"Leydig cell tumor, malignant",ライディッヒ細胞腫瘍，悪性（Ｃ62._）,
8650/3,Synonym,"Interstitial cell tumor, malignant",間質細胞腫瘍，悪性,
8660/0,Preferred,Hilus cell tumor,門細胞腫瘍（Ｃ56.9）,
8660/0,Synonym,Hilar cell tumor,,
8670/0,Preferred,Lipid cell tumor of ovary,卵巣脂質細胞腫瘍（Ｃ56.9）,
8670/0,Synonym,"Steroid cell tumor, NOS",ステロイド細胞腫瘍，ＮＯＳ ※2,
8670/0,Synonym,Lipoid cell tumor of ovary,卵巣リポイド細胞腫瘍（Ｃ56.9）,
8670/0,Related,Masculinovoblastoma,男性化卵巣芽腫（Ｃ56.9）,
8670/3,Preferred,"Steroid cell tumor, malignant",ステロイド細胞腫瘍，悪性 ※2,
8671/0,Preferred,Adrenal rest tumor,副腎遺残腫瘍,
868-871,2,Paragangliomas and glomus tumors,傍神経節腫及びグロムス腫瘍,
8680/3,Preferred,"Paraganglioma, NOS",傍神経節腫，ＮＯＳ,
8681/3,Preferred,Sympathetic paraganglioma,交感神経傍神経節腫,
8682/3,Preferred,Parasympathetic paraganglioma,副交感神経傍神経節腫,
8683/0,Preferred,Gangliocytic paraganglioma,神経節細胞傍神経節腫（Ｃ17.0）,
8690/3,Preferred,Middle ear paraganglioma,中耳傍神経節腫　／中耳パラガングリオーマ,
8690/3,Synonym,"Glomus jugulare tumor, NOS",頸静脈グロムス腫瘍，NOS／頸静脈球腫瘍，NOS,
8690/3,Synonym,Jugular paraganglioma,頸静脈傍神経節腫／頸静脈パラガングリオーマ,
8690/3,Synonym,Jugulotympanic paraganglioma,副交感神経性傍神経節腫／頸静脈鼓室傍神経節腫／頸静脈鼓室パラガングリオーマ,
8691/3,Preferred,Aortic body tumor,大動脈小体腫瘍,
8691/3,Synonym,Aortic body paraganglioma,大動脈小体傍神経節腫／大動脈小体パラガングリオーマ,
8691/3,Synonym,Aorticopulmonary paraganglioma,大動脈肺性傍神経節腫／大動脈肺性パラガングリオーマ／頸動脈小体パラガングリオーマ,
8692/3,Preferred,Carotid body paraganglioma,頸動脈小体傍神経節腫　／頸動脈小体パラガングリオーマ,
8692/3,Synonym,Carotid body tumor,頸動脈小体腫瘍,
8693/3,Preferred,"Extra-adrenal paraganglioma, NOS",副腎外傍神経節腫，NOS／副腎外パラガングリオーマNOS,
8693/3,Related,"Nonchromaffin paraganglioma, NOS",非クロム親和性傍神経節腫，NOS／非クロム親和性パラガングリオーマNOS,
8693/3,Related,Laryngeal paraganglioma,喉頭傍神経節腫／喉頭パラガングリオーマ,
8693/3,Related,Vagal paraganglioma,迷走神経傍神経節腫／迷走神経パラガングリオーマ,
8693/3,Related,Chemodectoma,ケモデクトーマ,1
8693/3,Related,Composite paraganglioma,複合傍神経節腫／複合パラガングリオーマ,
8700/3,Preferred,"Pheochromocytoma, NOS",褐色細胞腫，NOS,
8700/3,Synonym,Adrenal medullary paraganglioma,副腎髄質傍神経節腫，悪性（Ｃ74.1）,
8700/3,Synonym,Chromaffin paraganglioma,クロム親和性傍神経節腫,
8700/3,Synonym,Chromaffin tumor,クロム親和性腫瘍,
8700/3,Synonym,Chromaffinoma,クロム親和性腫瘍／クロム親和細胞腫／（褐色細胞腫）cf．Pheochromocytoma,
8700/3,Related,Composite pheochromocytoma,,
8700/3,Synonym,Pheochromoblastoma,褐色芽腫（Ｃ74.1）,
8710/3,Preferred,Glomangiosarcoma,グロムス血管肉腫,
8710/3,Synonym,Glomoid sarcoma,グロムス肉腫,
8711/0,Preferred,"Glomus tumor, NOS",グロムス腫瘍，ＮＯＳ,
8711/1,Preferred,Glomangiomatosis,,
8711/1,Related,Glomus tumor of uncertain malignant potential,,
8711/3,Preferred,"Glomus tumor, malignant",グロムス腫瘍，悪性 ※2,
8712/0,Preferred,Glomangioma,グロムス血管腫,
8713/0,Preferred,Glomangiomyoma,グロムス血管筋腫,
8714/0,Preferred,"Perivascular epithelioid tumor, benign",血管周囲類上皮細胞腫，良性,
8714/0,Synonym,"PEComa, benign",血管周囲類上皮細胞腫，良性,
8714/3,Preferred,"Perivascular epithelioid tumor, malignant",血管周囲類上皮細胞腫，悪性,
8714/3,Synonym,"PEComa, malignant",血管周囲類上皮細胞腫，悪性,
872-879,2,Nevi and melanomas,母斑及び黒色腫,
8720/0,Preferred,"Pigmented nevus, NOS",色素性母斑，ＮＯＳ（Ｃ44._）,
8720/0,Synonym,"Nevus, NOS",母斑，ＮＯＳ（Ｃ44._）,
8720/0,Synonym,"Melanocytic nevus, NOS",,
8720/0,Related,Hairy nevus,有毛母斑（Ｃ44._）,
8720/0,Related,Nevus spilus,扁平母斑,
8720/0,Related,Meyerson nevus,マイヤーソン母斑,
8720/0,Related,Deep penetrating nevus,深部貫通性母斑,
8720/0,Related,Combined nevus,複合母斑,
8720/0,Related,Genital nevus,性器母斑,
8720/0,Related,Conjunctival nevus,結膜母斑,
8720/2,Preferred,Melanoma in situ,上皮内黒色腫,
8720/3,Preferred,"Malignant melanoma, NOS",悪性黒色腫，ＮＯＳ（若年性黒色腫Ｍ-8770／0を除く）,
8720/3,Synonym,"Melanoma, NOS",黒色腫，ＮＯＳ,
8720/3,Related,Nevoid melanoma,母斑様黒色腫,
8720/3,Related,"Melanoma, meningeal",髄膜黒色腫,
8721/3,Preferred,Nodular melanoma,結節性黒色腫（Ｃ44._）,
8722/0,Preferred,Balloon cell nevus,風船細胞母斑（Ｃ44._）,
8722/3,Preferred,Balloon cell melanoma,風船細胞黒色腫（Ｃ44._）,
8723/0,Preferred,Halo nevus,周暈母斑（Ｃ44._）,
8723/0,Synonym,Regressing nevus,退行性母斑（Ｃ44._）,
8723/3,Preferred,"Malignant melanoma, regressing",悪性黒色腫，退行性（Ｃ44._）,
8725/0,Preferred,Neuronevus,神経母斑（Ｃ44._）,
8726/0,Preferred,Magnocellular nevus,大細胞性母斑（Ｃ69.4）,
8726/0,Synonym,"Melanocytoma, eyeball",黒色細胞腫，眼球（Ｃ69.4）,
8726/0,Related,"Melanocytoma, NOS",黒色細胞腫，ＮＯＳ ※2,
8727/0,Preferred,Dysplastic nevus,異形成母斑（Ｃ44._）,
8728/0,Preferred,Meningeal melanocytosis,髄膜黒色腫症／髄膜黒色細胞腫症／髄膜メラノサイトーシス,
8728/0,Related,Diffuse melanocytosis,びまん性黒色細胞腫症（Ｃ70._） ※1,
8728/1,Preferred,Meningeal melanocytoma,髄膜黒色細胞腫（Ｃ70._） ※1,
8728/3,Preferred,Meningeal melanomatosis,髄膜黒色腫症（Ｃ70._） ※1,
8730/0,Preferred,Nonpigmented nevus,無色素性母斑（Ｃ44._）,
8730/0,Synonym,Achromic nevus,無色素性母斑（Ｃ44._）,
8730/3,Preferred,Amelanotic melanoma,無色素性黒色腫（Ｃ44._）,
8740/0,Preferred,"Junctional nevus, NOS",接合型母斑，ＮＯＳ（Ｃ44._）,
8740/0,Synonym,Intraepidermal nevus,表皮内母斑（Ｃ44._）,
8740/0,Synonym,Junction nevus,接合母斑（Ｃ44._）,
8740/3,Preferred,Malignant melanoma in junctional nevus,接合型母斑内の悪性黒色腫（Ｃ44._）,
8741/2,Preferred,"Precancerous melanosis, NOS",前癌性黒色症，ＮＯＳ（Ｃ44._）,
8741/3,Preferred,Malignant melanoma in precancerous melanosis,前癌性黒色症内悪性黒色腫（Ｃ44._）,
8742/0,Preferred,Lentiginous melanocytic nevus,,
8742/0,Related,Simple lentigo,単純黒子,
8742/0,Synonym,Lentigo simplex,単純黒子,
8742/2,Preferred,Lentigo maligna,悪性黒子（Ｃ44._）,
8742/2,Synonym,"Hutchinson melanotic freckle, NOS",ハッチンソン黒色雀卵斑，ＮＯＳ（Ｃ,
8742/3,Preferred,Lentigo maligna melanoma,悪性黒子黒色腫（Ｃ44._）,
8742/3,Synonym,Malignant melanoma in Hutchinson melanotic freckle,ハッチンソン黒色雀卵斑内悪性黒色腫（Ｃ44._）,
8743/3,Preferred,Low cumulative sun damage melanoma,低累積日光障害性黒色腫,
8743/3,Related,Superficial spreading melanoma,表層拡大性黒色腫（Ｃ44._）,
8744/0,Preferred,Acral nevus,,
8744/3,Preferred,Acral melanoma,肢端黒色腫／末端黒色腫,
8744/3,Synonym,"Acral lentiginous melanoma, malignant",肢端黒子黒色腫，悪性（Ｃ44._）,
8745/3,Preferred,"Desmoplastic melanoma, NOS",,
8745/3,Related,"Desmoplastic melanoma, amelanotic",線維形成性黒色腫，無色素性（Ｃ,
8745/3,Related,"Neurotropic melanoma, malignant",神経親和性黒色腫，悪性（Ｃ44._）,
8746/3,Preferred,Mucosal lentiginous melanoma,粘膜黒子性黒色腫 ※1,
8750/0,Preferred,Dermal nevus,真皮母斑（Ｃ44._）,
8750/0,Synonym,Intradermal nevus,真皮内母斑（Ｃ44._）,
8750/0,Synonym,Stromal nevus,間質母斑,
8760/0,Preferred,Compound nevus,複合母斑（Ｃ44._）,
8760/0,Synonym,Dermal and epidermal nevus,真皮・表皮母斑（Ｃ44._）,
8761/0,Preferred,"Congenital melanocytic nevus, NOS",先天性メラニン細胞性母斑，NOS,
8761/1,Preferred,"Giant pigmented nevus, NOS",巨大色素性母斑，ＮＯＳ（Ｃ44._）,
8761/1,Related,Intermediate and giant congenital nevus,中型・巨大先天性母斑（Ｃ44._） ※2,
8761/3,Preferred,Malignant melanoma arising in giant congenital nevus,巨大先天性母斑内発生悪性黒色腫,
8761/3,Synonym,Malignant melanoma in giant pigmented nevus,巨大色素性母斑内悪性黒色腫（Ｃ44._）,
8761/3,Synonym,Malignant melanoma in congenital melanocytic nevus,先天性メラニン細胞性母斑内悪性黒色腫（Ｃ44._） ※2,
8762/1,Preferred,Proliferative dermal lesion in congenital nevus,先天性母斑内増殖性皮膚病変（Ｃ44._）,
8762/1,Synonym,Proliferative nodule in congenital melanocytic nevus,,
8770/0,Preferred,Epithelioid and spindle cell nevus,類上皮細胞・紡錘形細胞母斑（Ｃ44._）,
8770/0,Synonym,Juvenile melanoma,若年性黒色腫（Ｃ44._）,
8770/0,Synonym,Juvenile nevus,若年性母斑（Ｃ44._）,
8770/0,Synonym,"Spitz nevus, NOS",,
8770/0,Related,"Spitz nevus, atypical",スピッツ母斑，異型型／若年性黒色腫，異型型,
8770/0,Related,Pigmented spindle cell nevus of Reed,リード色素性紡錘形細胞母斑（Ｃ44._）,
8770/0,Synonym,Pigmented spindle cell Spitz nevus,色素性紡錘形細胞スピッツ母斑／色素性紡錘形細胞若年性黒色腫,
8770/3,Preferred,Malignant Spitz tumor,悪性スピッツ腫瘍／悪性若年性黒色腫,
8770/3,Related,Mixed epithelioid and spindle cell melanoma,類上皮細胞・紡錘形細胞混合黒色腫,
8770/3,Synonym,Spitz melanoma,,
8770/3,Synonym,Spitzoid melanoma,,
8771/0,Preferred,Epithelioid cell nevus,類上皮細胞母斑（Ｃ44._）,
8771/3,Preferred,Epithelioid cell melanoma,類上皮細胞黒色腫,
8772/0,Preferred,"Spindle cell nevus, NOS",紡錘形細胞母斑，ＮＯＳ（Ｃ44._）,
8772/3,Preferred,"Spindle cell melanoma, NOS",紡錘形細胞黒色腫，ＮＯＳ,
8773/3,Preferred,"Spindle cell melanoma, type A",紡錘形細胞黒色腫，Ａ型（Ｃ69._）,
8774/3,Preferred,"Spindle cell melanoma, type B",紡錘形細胞黒色腫，Ｂ型（Ｃ69._）,
8780/0,Preferred,"Blue nevus, NOS",青色母斑，ＮＯＳ（Ｃ44._）,
8780/0,Synonym,Jadassohn blue nevus,ヤダッソン青色母斑（Ｃ44._）,
8780/1,Preferred,Pigmented epithelioid melanocytoma,色素性類上皮黒色細胞腫,
8780/1,Synonym,"Blue nevus, epithelioid",青色母斑，類上皮型,
8780/3,Preferred,"Blue nevus, malignant",青色母斑，悪性（Ｃ44._）,1
8780/3,Synonym,Melanoma arising in blue nevus,,
8790/0,Preferred,Cellular blue nevus,富細胞性青色母斑（Ｃ44._）,
880,2,"Soft tissue tumors and sarcomas, NOS",軟部組織腫瘍及び肉腫，ＮＯＳ,
8800/0,Preferred,"Soft tissue tumor, benign",軟部組織腫瘍，良性,
8800/3,Preferred,"Sarcoma, NOS",肉腫，ＮＯＳ,
8800/3,Synonym,"Mesenchymal tumor, malignant",間葉性腫瘍，悪性,
8800/3,Synonym,Soft tissue sarcoma,軟部組織肉腫,
8800/3,Synonym,"Soft tissue tumor, malignant",軟部組織腫瘍，悪性,
8800/9,Preferred,"Sarcomatosis, NOS",肉腫症，ＮＯＳ,
8801/3,Preferred,Spindle cell sarcoma,紡錘形細胞肉腫,
8801/3,Synonym,"Spindle cell sarcoma, undifferentiated",紡錘形細胞肉腫，未分化型,
8802/1,Preferred,Pleomorphic hyalinizing angiectatic tumor,多形性硝子化血管拡張性腫瘍,
8802/3,Preferred,Giant cell sarcoma,巨細胞肉腫（骨Ｍ-9250／3を除く）,
8802/3,Synonym,"Pleomorphic cell sarcoma, NOS",,
8802/3,Synonym,"Pleomorphic cell sarcoma, undifferentiated",多形細胞肉腫，未分化型,
8802/3,Synonym,Pleomorphic sarcoma,多形性肉腫,
8802/3,Related,Pleomorphic dermal sarcoma,多形性皮膚肉腫,
8803/3,Preferred,Small cell sarcoma,小細胞肉腫,
8803/3,Synonym,"Round cell sarcoma, NOS",,
8803/3,Synonym,"Round cell sarcoma, undifferentiated",円形細胞肉腫，未分化型,
8804/3,Preferred,"Epithelioid sarcoma, NOS",,
8804/3,Synonym,Epithelioid cell sarcoma,類上皮細胞肉腫,
8804/3,Related,"Epithelioid sarcoma, undifferentiated",類上皮肉腫，未分化型,
8805/3,Preferred,Undifferentiated sarcoma,未分化肉腫 ※1,
8806/3,Preferred,Desmoplastic small round cell tumor,線維形成性小円形細胞腫瘍 ※1,
881-883,2,Fibromatous neoplasms,線維腫性新生物,
8810/0,Preferred,"Fibroma, NOS",線維腫，ＮＯＳ,
8810/0,Related,Desmoplastic fibroblastoma,,
8810/0,Related,Gardner fibroma,,
8810/0,Related,Nuchal fibroma,,
8810/0,Related,Collagenous fibroma,,
8810/0,Related,Plaque-like CD34 positive dermal fibroma,,
8810/1,Preferred,Cellular fibroma,富細胞性線維腫（Ｃ56.9） ※2,
8810/3,Preferred,"Fibrosarcoma, NOS",線維肉腫，ＮＯＳ,
8811/0,Preferred,"Fibromyxoma, NOS",,
8811/0,Synonym,"Myxofibroma, NOS",粘液線維腫，ＮＯＳ,
8811/0,Synonym,Myxoid fibroma,粘液性線維腫,
8811/0,Related,Plexiform fibromyxoma,つる状線維粘液腫★,
8811/0,Related,Acral fibromyxoma,,
8811/1,Preferred,Myxoinflammatory fibroblastic sarcoma,粘液炎症性線維芽細胞性肉腫,
8811/1,Related,Atypical myxoinflammatory fibroblastic tumor,異型粘液炎症性線維芽細胞性肉腫,
8811/1,Related,Hemosiderotic fibrolipomatous tumor,,
8811/3,Preferred,Myxofibrosarcoma,粘液線維肉腫,
8811/3,Related,Fibromyxosarcoma,線維粘液肉腫,
8812/0,Preferred,Periosteal fibroma,骨膜線維腫（Ｃ40._，Ｃ41._）,
8812/3,Preferred,Periosteal fibrosarcoma,骨膜線維肉腫（Ｃ40._，Ｃ41._）,
8812/3,Related,"Periosteal sarcoma, NOS",骨膜肉腫，ＮＯＳ（Ｃ40._，Ｃ41._）,
8813/0,Preferred,Fibroma of tendon sheath,腱鞘線維腫,
8813/0,Related,Fascial fibroma,筋膜線維腫,
8813/1,Preferred,Palmar/plantar type fibromatosis,手掌／足底型線維腫症,
8813/1,Synonym,Superficial fibromatosis,表在性線維腫症,
8813/3,Preferred,Fascial fibrosarcoma,筋膜線維肉腫,
8814/3,Preferred,Infantile fibrosarcoma,乳児性線維肉腫,
8814/3,Synonym,Congenital fibrosarcoma,,
8815/0,Preferred,"Solitary fibrous tumor/Hemangiopericytoma, grade 1",,
8815/0,Synonym,"Hemangiopericytoma, benign",血管周皮腫，良性,
8815/1,Preferred,"Solitary fibrous tumor, NOS",孤立性線維性腫瘍，NOS／孤在性線維性腫瘍，NOS,
8815/1,Synonym,"Hemangiopericytoma, NOS",血管周皮腫，NOS,
8815/1,Synonym,Localized fibrous tumor,限局性線維性腫瘍,1
8815/1,Related,"Solitary fibrous tumor/Hemangiopericytoma, grade 2",,
8815/1,Related,Hemangiopericytic meningioma,血管外皮細胞性髄膜腫／血管周皮腫性髄膜腫,1
8815/3,Preferred,"Solitary fibrous tumor, malignant",孤立性線維性腫瘍，悪性 ※1,
8815/3,Related,"Solitary fibrous tumor/Hemangiopericytoma, grade 3",,
8815/3,Synonym,"Hemangiopericytoma, malignant",血管外皮腫，悪性／血管周皮腫，悪性,
8816/0,Preferred,Calcifying aponeurotic fibroma,石灰化腱膜線維腫／石灰化腱膜性線維腫,
8817/0,Preferred,Calcifying fibrous tumor,石灰化線維性腫瘍,
8818/0,Preferred,Fibrous dysplasia,線維性異形成,
8820/0,Preferred,Elastofibroma,弾力線維腫,
8821/1,Preferred,Aggressive fibromatosis,侵襲性線維腫症,
8821/1,Synonym,Desmoid type fibromatosis,,
8821/1,Synonym,"Desmoid, NOS",デスモイド，ＮＯＳ,
8821/1,Synonym,"Desmoid tumor, NOS",,
8821/1,Synonym,Extra-abdominal desmoid,腹部外デスモイド,
8821/1,Synonym,Invasive fibroma,浸潤性線維腫,
8822/1,Preferred,Abdominal fibromatosis,腹部線維腫症,
8822/1,Synonym,Abdominal desmoid,腹部デスモイド,
8822/1,Synonym,Mesenteric fibromatosis,腸間膜線維腫症（Ｃ48.1）,
8822/1,Synonym,Retroperitoneal fibromatosis,後腹膜線維腫症（Ｃ48.0）,
8823/0,Preferred,Sclerotic fibroma,硬化性線維腫,
8823/1,Preferred,Desmoplastic fibroma,線維形成性線維腫／類腱線維腫,
8824/0,Preferred,Myofibroma,筋線維腫 ※3,
8824/0,Related,Dermatomyofibroma,皮膚筋線維腫,
8824/0,Related,Myopericytoma,筋周皮腫,
8824/1,Preferred,Myofibromatosis,筋線維腫症,
8824/1,Related,Congenital generalized fibromatosis,先天性全身性線維腫症,
8824/1,Synonym,Infantile myofibromatosis,乳児性筋線維腫症 ※2,
8825/0,Preferred,Myofibroblastoma,筋線維芽腫 ※1,
8825/1,Preferred,"Myofibroblastic tumor, NOS",筋線維芽腫性腫瘍，ＮＯＳ ※1,
8825/1,Synonym,Inflammatory myofibroblastic tumor,炎症性筋線維芽腫性腫瘍 ※1,
8825/3,Preferred,Myofibroblastic sarcoma,筋線維芽細胞肉腫,
8826/0,Preferred,Angiomyofibroblastoma,血管筋線維芽腫 ※1,
8827/1,Preferred,"Myofibroblastic tumor, peribronchial",筋線維芽腫性腫瘍，気管支周囲性,
8827/1,Synonym,Congenital peribronchial myofibroblastic tumor,先天性気管支周囲性筋線維芽腫性腫瘍（Ｃ34._） ※1,
8828/0,Preferred,Nodular fasciitis,結節性筋膜炎,
8828/0,Related,Proliferative fasciitis,増殖性筋膜炎,
8828/0,Related,Proliferative myositis,増殖性筋炎,
8830/0,Preferred,"Benign fibrous histiocytoma, NOS",,
8830/0,Synonym,"Fibrous histiocytoma, NOS",線維性組織球腫，ＮＯＳ,
8830/0,Synonym,"Fibroxanthoma, NOS",線維黄色腫，ＮＯＳ,
8830/0,Synonym,Xanthofibroma,黄色線維腫,
8830/0,Related,Epithelioid fibrous histiocytoma,類上皮性線維性組織球腫,
8830/1,Preferred,Atypical fibrous histiocytoma,異型線維性組織球腫,
8830/1,Synonym,Atypical fibroxanthoma,異型線維黄色腫,
8830/3,Preferred,Malignant fibrous histiocytoma,悪性線維性組織球腫,
8830/3,Synonym,Undifferentiated high grade pleomorphic sarcoma of bone,骨未分化多形肉腫,
8830/3,Synonym,"Fibroxanthoma, malignant",線維黄色腫，悪性,
8831/0,Preferred,"Histiocytoma, NOS",組織球腫，ＮＯＳ ※3,
8831/0,Related,Deep histiocytoma,深在性組織球腫 ※1,
8831/0,Synonym,Deep benign fibrous histiocytoma,,
8831/0,Related,Juvenile histiocytoma,若年性組織球腫 ※1,
8831/0,Related,Reticulohistiocytoma,,
8831/0,Synonym,Reticulohistocytosis,,
8832/0,Preferred,"Dermatofibroma, NOS",皮膚線維腫，ＮＯＳ（Ｃ44._）,
8832/0,Synonym,"Cutaneous histiocytoma, NOS",皮膚組織球腫，ＮＯＳ（Ｃ44._） ※2,
8832/0,Synonym,Dermatofibroma lenticulare,レンズ形皮膚線維腫（Ｃ44._）,
8832/0,Synonym,Sclerosing hemangioma,硬化性血管腫（Ｃ44._）,
8832/0,Synonym,Subepidermal nodular fibrosis,表皮下結節性線維症（Ｃ44._）,
8832/0,Related,Sclerosing pneumocytoma,硬化性肺胞上皮腫,
8832/0,Related,Pleomorphic fibroma,多形性線維腫,
8832/1,Preferred,"Dermatofibrosarcoma protuberans, NOS",隆起性皮膚線維肉腫，NOS,
8832/1,Synonym,"Dermatofibrosarcoma, NOS",皮膚線維肉腫，NOS,
8832/3,Preferred,"Dermatofibrosarcoma protuberans, fibrosarcomatous",隆起性皮膚線維肉腫，線維肉腫型,
8832/3,Synonym,"Dermatofibrosarcoma, sarcomatous",皮膚線維性肉腫，肉腫型,
8833/1,Preferred,Pigmented dermatofibrosarcoma protuberans,色素性隆起性皮膚線維肉腫,
8833/1,Synonym,Bednar tumor,べドナー腫瘍,
8834/1,Preferred,Giant cell fibroblastoma,巨細胞性線維芽腫 ※1,
8835/1,Preferred,Plexiform fibrohistiocytic tumor,叢状線維組織球性腫瘍 ※1,
8836/1,Preferred,Angiomatoid fibrous histiocytoma,血管腫様線維性組織球腫 ※1,
884,2,Myxomatous neoplasms,粘液腫性新生物,
8840/0,Preferred,"Myxoma, NOS",粘液腫，ＮＯＳ,
8840/3,Preferred,Myxosarcoma,粘液肉腫,
8840/3,Related,Low grade fibromyxoid sarcoma,低悪性度線維粘液性肉腫,
8840/3,Related,Sclerosing epithelioid fibrosarcoma,硬化性類上皮線維肉腫,
8841/0,Preferred,"Angiomyxoma, NOS",血管粘液腫，NOS,
8841/0,Related,Aggressive angiomyxoma,侵襲性血管粘液腫／活動性血管粘液腫,
8841/0,Related,Superficial angiomyxoma,表在性血管粘液腫,
8842/0,Preferred,"Ossifying fibromyxoid tumor, NOS",,
8842/3,Preferred,"Ossifying fibromyxoid tumor, malignant",化骨性線維粘液性腫瘍，悪性／骨化性線維粘液性腫瘍，悪性／骨化性線維粘液腫様腫瘍，悪性,
8842/3,Related,Pulmonary myxoid sarcoma with EWSR1-CREB1 translocation,EWSR1-CREB1転座肺粘液腫様肉腫,
885-888,2,Lipomatous neoplasms,脂肪腫性新生物,
8850/0,Preferred,"Lipoma, NOS",脂肪腫，ＮＯＳ,
8850/0,Related,Thymolipoma,,
8850/1,Preferred,Atypical lipomatous tumor,,
8850/1,Synonym,Atypical lipoma,異型脂肪腫 ※2,
8850/1,Synonym,"Liposarcoma, well differentiated, superficial",,
8850/3,Preferred,"Liposarcoma, NOS",脂肪肉腫，ＮＯＳ,
8850/3,Synonym,Fibroliposarcoma,線維脂肪肉腫,
8851/0,Preferred,Fibrolipoma,線維脂肪腫,
8851/1,Preferred,Lipofibromatosis,脂肪線維腫症,
8851/3,Preferred,"Liposarcoma, well differentiated, NOS",高分化型脂肪肉腫，NOS,
8851/3,Synonym,Lipoma-like liposarcoma,脂肪腫様脂肪肉腫 ※2,
8851/3,Synonym,"Liposarcoma, differentiated",脂肪肉腫，分化型,
8851/3,Related,Inflammatory liposarcoma,炎症性脂肪肉腫 ※2,
8851/3,Related,Sclerosing liposarcoma,硬化性脂肪肉腫 ※2,
8852/0,Preferred,Fibromyxolipoma,線維粘液脂肪腫,
8852/0,Synonym,Myxolipoma,粘液脂肪腫,
8852/3,Preferred,Myxoid liposarcoma,粘液様脂肪肉腫,
8852/3,Synonym,Myxoliposarcoma,粘液脂肪肉腫,
8853/3,Preferred,Round cell liposarcoma,円形細胞脂肪肉腫,1
8854/0,Preferred,Pleomorphic lipoma,多形性脂肪腫,1
8854/3,Preferred,Pleomorphic liposarcoma,多形性脂肪肉腫,
8855/3,Preferred,Mixed liposarcoma,混合型脂肪肉腫,
8856/0,Preferred,Intramuscular lipoma,筋内脂肪腫,
8856/0,Related,Infiltrating angiolipoma,浸潤性血管脂肪腫,1
8856/0,Related,Infiltrating lipoma,浸潤性脂肪腫,1
8857/0,Preferred,Spindle cell lipoma,紡錘形細胞脂肪腫,
8857/3,Preferred,Fibroblastic liposarcoma,線維芽細胞性脂肪肉腫 ※2,
8858/3,Preferred,Dedifferentiated liposarcoma,脱分化型脂肪肉腫,
8860/0,Preferred,Angiomyolipoma,血管筋脂肪腫,
8860/1,Preferred,"Angiomyolipoma, epithelioid",血管筋脂肪腫，類上皮型,
8861/0,Preferred,"Angiolipoma, NOS",血管脂肪腫，ＮＯＳ,
8862/0,Preferred,Chondroid lipoma,軟骨様脂肪腫 ※1,
8870/0,Preferred,Myelolipoma,骨髄脂肪腫,
8880/0,Preferred,Hibernoma,ヒベルノーマ,
8880/0,Synonym,Brown fat tumor,褐色脂肪腫瘍,
8880/0,Synonym,Fetal fat cell lipoma,胎児性脂肪細胞脂肪腫,
8881/0,Preferred,Lipoblastomatosis,脂肪芽腫症,
8881/0,Synonym,"Fetal lipoma, NOS",胎児性脂肪腫，ＮＯＳ,
8881/0,Synonym,Fetal lipomatosis,胎児性脂肪腫症,
8881/0,Synonym,Lipoblastoma,脂肪芽腫,
889-892,2,Myomatous neoplasms,筋腫性新生物,
8890/0,Preferred,"Leiomyoma, NOS",平滑筋腫，ＮＯＳ,
8890/0,Synonym,Fibroid uterus,線維様子宮（Ｃ55.9）,
8890/0,Synonym,Fibromyoma,線維筋腫,
8890/0,Synonym,Leiomyofibroma,平滑筋線維腫,
8890/0,Related,Lipoleiomyoma,脂肪平滑筋腫 ※2,
8890/0,Synonym,Lipomatous leiomyoma,,
8890/0,Related,Plexiform leiomyoma,叢状平滑筋腫 ※2,
8890/0,Related,"Leiomyoma, apoplectic",,
8890/0,Related,"Leiomyoma, hydropic",,
8890/0,Related,Myolipoma,,
8890/0,Related,Cotyledonoid leiomyoma,,
8890/0,Synonym,Dissecting leiomyoma,,
8890/1,Preferred,"Leiomyomatosis, NOS",平滑筋腫症，ＮＯＳ,
8890/1,Related,"Leiomyomatosis, peritonealis disseminata",,
8890/1,Related,Intravascular leiomyomatosis,血管内平滑筋腫症,
8890/1,Synonym,Intravenous leiomyomatosis,,
8890/3,Preferred,"Leiomyosarcoma, NOS",平滑筋肉腫，ＮＯＳ,
8891/0,Preferred,Epithelioid leiomyoma,類上皮平滑筋腫,
8891/0,Synonym,Leiomyoblastoma,平滑筋芽腫,
8891/3,Preferred,Epithelioid leiomyosarcoma,類上皮平滑筋肉腫,
8892/0,Preferred,Cellular leiomyoma,富細胞性平滑筋腫,
8893/0,Preferred,Bizarre leiomyoma,変形平滑筋腫,
8893/0,Synonym,Atypical leiomyoma,異型平滑筋腫 ※2,
8893/0,Synonym,Pleomorphic leiomyoma,多形性平滑筋腫 ※2,
8893/0,Synonym,Symplastic leiomyoma,合胞体平滑筋腫 ※2,
8894/0,Preferred,Angioleiomyoma,血管平滑筋腫,
8894/0,Synonym,Angiomyoma,血管筋腫,
8894/0,Synonym,Vascular leiomyoma,血管平滑筋腫,
8894/3,Preferred,Angiomyosarcoma,血管筋肉腫,
8895/0,Preferred,Myoma,筋腫,
8895/3,Preferred,Myosarcoma,筋肉腫,
8896/0,Preferred,Myxoid leiomyoma,,
8896/3,Preferred,Myxoid leiomyosarcoma,粘液様平滑筋肉腫,
8897/1,Preferred,Smooth muscle tumor of uncertain malignant potential,悪性度不明の平滑筋腫瘍 ※2,
8897/1,Synonym,"Smooth muscle tumor, atypical",,
8897/1,Related,"Smooth muscle tumor, NOS",平滑筋腫瘍，ＮＯＳ,
8897/1,Related,"Leiomyosarcoma, cutaneous",,
8898/1,Preferred,Metastasizing leiomyoma,転移性平滑筋腫 ※1,
8900/0,Preferred,"Rhabdomyoma, NOS",横紋筋腫，ＮＯＳ,
8900/3,Preferred,"Rhabdomyosarcoma, NOS",横紋筋肉腫，ＮＯＳ,
8900/3,Synonym,Rhabdosarcoma,横紋肉腫,
8901/3,Preferred,"Pleomorphic rhabdomyosarcoma, adult type",多形横紋筋肉腫，成人型 ※2,
8901/3,Related,"Pleomorphic rhabdomyosarcoma, NOS",多形横紋筋肉腫，ＮＯＳ,
8901/3,Synonym,"Rhabdomyosarcoma, pleomorphic type",,
8902/3,Preferred,Mixed type rhabdomyosarcoma,混合型横紋筋肉腫,
8902/3,Related,Mixed embryonal rhabdomyosarcoma and alveolar rhabdomyosarcoma,混合胎芽性横紋筋肉腫・胞巣状横紋筋肉腫,
8903/0,Preferred,Fetal rhabdomyoma,胎児性横紋筋腫,
8904/0,Preferred,Adult cellular rhabdomyoma,成人型富細胞性横紋筋腫,
8904/0,Synonym,Adult rhabdomyoma,成人型横紋筋腫,
8904/0,Related,Glycogenic rhabdomyoma,グリコーゲン横紋筋腫,
8905/0,Preferred,Genital rhabdomyoma,性器横紋筋腫（Ｃ51._，Ｃ52.9） ※1／※2,
8910/3,Preferred,"Embryonal rhabdomyosarcoma, NOS",胎芽性横紋筋肉腫，ＮＯＳ,
8910/3,Synonym,"Rhabdomyosarcoma, embryonal type",,
8910/3,Related,"Embryonal rhabdomyosarcoma, pleomorphic",胎芽性横紋筋肉腫，多形性 ※2,
8910/3,Related,Sarcoma botryoides,ブドウ状肉腫,
8910/3,Synonym,Botryoid sarcoma,,
8912/3,Preferred,Spindle cell rhabdomyosarcoma,紡錘形細胞横紋筋肉腫 ※1,
8912/3,Synonym,Sclerosing rhabdomyosarcoma,硬化性横紋筋肉腫,
8912/3,Synonym,"Rhabdomyosarcoma, spindle cell/sclerosing type",横紋筋肉腫，紡錘形細胞／硬化性型,
8920/3,Preferred,Alveolar rhabdomyosarcoma,胞巣状横紋筋肉腫,
8921/3,Preferred,Ectomesenchymoma,外胚葉性間葉腫 ※1,
8921/3,Synonym,Rhabdomyosarcoma with ganglionic differentiation,神経節への分化を伴う横紋筋肉腫,
893-899,2,Complex mixed and stromal neoplasms,複合性混合新生物及び間質性新生物,
8930/0,Preferred,Endometrial stromal nodule,子宮内膜間質結節（Ｃ54.1）,
8930/3,Preferred,"Endometrial stromal sarcoma, NOS",子宮内膜間質肉腫，ＮＯＳ（Ｃ54.1）,
8930/3,Synonym,"Endometrial sarcoma, NOS",子宮内膜肉腫，ＮＯＳ（Ｃ54.1）,
8930/3,Related,"Endometrial stromal sarcoma, high grade",子宮内膜間質肉腫，高度（Ｃ54.1）,
8930/3,Synonym,"Endometrioid stromal sarcoma, high grade",,
8931/3,Preferred,"Endometrial stromal sarcoma, low grade",,
8931/3,Synonym,Endolymphatic stromal myosis,リンパ管内間質筋症（Ｃ54.1） ※6,
8931/3,Synonym,"Endometrioid stromal sarcoma, low grade",,
8931/3,Synonym,Endometrial stromatosis,子宮内膜間質症（Ｃ54.1） ※6,
8931/3,Synonym,Stromal endometriosis,間質子宮内膜症（Ｃ54.1） ※6,
8931/3,Synonym,"Stromal myosis, NOS",間質筋症，ＮＯＳ（Ｃ54.1） ※6,
8932/0,Preferred,"Adenomyoma, NOS",,
8932/0,Related,Atypical polypoid adenomyoma,異型ポリープ状腺筋腫 ※2,
8933/3,Preferred,Adenosarcoma,腺肉腫,
8934/3,Preferred,Carcinofibroma,癌線維腫 ※1,
8935/0,Preferred,"Stromal tumor, benign",間質腫瘍，良性,
8935/1,Preferred,"Stromal tumor, NOS",間質腫瘍，ＮＯＳ ※1,
8935/1,Related,Metanephric stromal tumor,,
8935/1,Related,Stromal tumor of uncertain malignant potential,,
8935/3,Preferred,"Stromal sarcoma, NOS",,
8936/3,Preferred,Gastrointestinal stromal tumor,胃腸管間質腫瘍，悪性 ※1,
8936/3,Synonym,GIST,,
8936/3,Synonym,Gastrointestinal stromal sarcoma,胃腸間質肉腫 ※1,
8936/3,Related,Gastrointestinal autonomic nerve tumor,消化管自律神経腫瘍／胃腸自律神経腫瘍,1
8936/3,Synonym,GANT,GANT,1
8936/3,Related,Gastrointestinal pacemaker cell tumor,消化管ペースメーカー細胞腫瘍／胃腸ペースメーカー細胞腫瘍,1
8940/0,Preferred,Pleomorphic adenoma,多形性腺腫,
8940/0,Synonym,"Mixed tumor, NOS",混合腫瘍，ＮＯＳ,
8940/0,Synonym,"Mixed tumor, salivary gland type, NOS",混合腫瘍，唾液腺型，ＮＯＳ,
8940/0,Related,"Chondroid syringoma, NOS",,
8940/3,Preferred,"Mixed tumor, malignant, NOS",混合腫瘍，悪性，ＮＯＳ,
8940/3,Synonym,"Mixed tumor, salivary gland type, malignant",混合腫瘍，唾液腺型，悪性,
8940/3,Related,Malignant chondroid syringoma,悪性軟骨様汗管腫（Ｃ44._） ※2,
8941/3,Preferred,Carcinoma ex pleomorphic adenoma,多形腺腫由来癌,
8941/3,Synonym,Carcinoma in pleomorphic adenoma,多形性腺腫内癌（Ｃ07._，Ｃ08._）,
8950/3,Preferred,Mullerian mixed tumor,ミュラー管混合腫瘍（Ｃ54._）,
8951/3,Preferred,Mesodermal mixed tumor,中胚葉性混合腫瘍,
8959/0,Preferred,Benign cystic nephroma,良性のう胞腎腫（Ｃ64.9） ※1,
8959/0,Related,Mixed epithelial and stromal tumor,,
8959/0,Related,Pediatric cystic nephroma,,
8959/0,Related,Adult cystic nephroma,,
8959/1,Preferred,Cystic partially differentiated nephroblastoma,のう胞性部分的分化を示す腎芽腫※1,
8959/3,Preferred,Malignant cystic nephroma,悪性のう胞腎腫（Ｃ64.9） ※1,
8959/3,Synonym,Malignant multilocular cystic nephroma,悪性多房性のう胞腎腫（Ｃ64.9）,
8960/1,Preferred,Mesoblastic nephroma,間葉芽腎腫,
8960/3,Preferred,"Nephroblastoma, NOS",腎芽腫，ＮＯＳ（Ｃ64.9）,
8960/3,Synonym,"Nephroma, NOS",腎腫，ＮＯＳ（Ｃ64.9）,1
8960/3,Synonym,Wilms tumor,ウィルムス腫瘍（Ｃ64.9）,
8963/3,Preferred,"Rhabdoid tumor, NOS",ラブドイド腫瘍，ＮＯＳ ※2,
8963/3,Synonym,Malignant rhabdoid tumor,悪性ラブドイド腫瘍 ※2,
8963/3,Synonym,Rhabdoid sarcoma,ラブドイド肉腫,
8964/3,Preferred,Clear cell sarcoma of kidney,腎明細胞肉腫（Ｃ64.9）,
8966/0,Preferred,Renomedullary interstitial cell tumor,腎髄質間質細胞腫瘍（Ｃ64.9） ※1,
8966/0,Synonym,Renomedullary fibroma,腎髄様線維腫（Ｃ64.9） ※1,
8966/0,Synonym,Medullary fibroma,髄質線維腫（腎臓）,
8967/0,Preferred,Ossifying renal tumor,骨化性腎腫瘍（Ｃ64.9） ※1,
8970/3,Preferred,"Hepatoblastoma, NOS",,
8970/3,Synonym,Embryonal hepatoma,胎芽性肝癌（Ｃ22.0）,
8970/3,Related,"Hepatoblastoma, epithelioid",類上皮型肝芽腫（Ｃ22.0）★,
8970/3,Related,"Hepatoblastoma, mixed epithelial-mesenchymal",上皮間葉混合型肝芽腫（Ｃ22.0）★,
8971/3,Preferred,Pancreatoblastoma,膵芽腫（Ｃ25._）,
8972/3,Preferred,Pulmonary blastoma,肺芽腫（Ｃ34._）,
8972/3,Synonym,Pneumoblastoma,,
8973/3,Preferred,Pleuropulmonary blastoma,胸膜肺芽腫 ※1,
8974/1,Preferred,Sialoblastoma,唾液腺芽腫（Ｃ07._）（Ｃ08._） ※1,
8975/1,Preferred,Calcifying nested stromal-epithelial tumor,石灰化巣状間質上皮性腫瘍,
8980/3,Preferred,"Carcinosarcoma, NOS",癌肉腫，ＮＯＳ,
8981/3,Preferred,"Carcinosarcoma, embryonal",癌肉腫，胎芽性,
8982/0,Preferred,"Myoepithelioma, NOS",,
8982/0,Synonym,Myoepithelial adenoma,筋上皮性腺腫 ※2,
8982/0,Synonym,Myoepithelial tumor,筋上皮性腫瘍,
8982/0,Synonym,Ectomesenchymal chondromyxoid tumor,,
8982/3,Preferred,Myoepithelial carcinoma,筋上皮性癌 ※2,
8982/3,Synonym,Malignant myoepithelioma,悪性筋上皮腫 ※2,
8982/3,Synonym,"Myoepithelioma, infiltrating",,
8983/0,Preferred,"Adenomyoepithelioma, NOS",,
8983/0,Related,"Adenomyoepithelioma, benign",腺筋上皮腫,
8983/3,Preferred,Adenomyoepithelioma with carcinoma,癌を伴う腺筋上皮腫,
8983/3,Synonym,Malignant adenomyoepithelioma,悪性腺筋上皮腫,
8990/0,Preferred,"Mesenchymoma, benign",間葉腫，良性,
8990/0,Related,"Phosphaturic mesenchymal tumor, benign",リン酸塩尿性間葉系腫瘍，良性／リン酸塩尿性間葉性腫瘍，良性,
8990/0,Synonym,"Phosphaturic mesenchymal tumor, NOS",リン酸塩尿性間葉系腫瘍，NOS／リン酸塩尿性間葉性腫瘍，NOS,
8990/1,Preferred,"Mesenchymoma, NOS",間葉腫，ＮＯＳ,
8990/1,Synonym,Mixed mesenchymal tumor,混合間葉腫瘍,
8990/1,Related,Primitive non-neural granular cell tumor,,
8990/3,Preferred,"Mesenchymoma, malignant",間葉腫，悪性,
8990/3,Synonym,Mixed mesenchymal sarcoma,混合間葉肉腫,
8990/3,Related,"Phosphaturic mesenchymal tumor, malignant",リン酸塩尿性間葉系腫瘍，悪性／リン酸塩尿性間葉性腫瘍，悪性,
8991/3,Preferred,Embryonal sarcoma,胎芽性肉腫,
8992/0,Preferred,Pulmonary hamartoma,肺過誤腫,
900-903,2,Fibroepithelial neoplasms,線維上皮性新生物,
9000/0,Preferred,"Brenner tumor, NOS",ブレンナー腫瘍，ＮＯＳ（Ｃ56.9）,
9000/1,Preferred,"Brenner tumor, borderline malignancy",ブレンナー腫瘍，境界悪性（Ｃ56.9）,
9000/1,Synonym,Borderline Brenner tumor,,
9000/1,Synonym,"Brenner tumor, atypical proliferative",,
9000/1,Synonym,"Brenner tumor, proliferating",ブレンナー腫瘍，増殖性（Ｃ56.9）,
9000/3,Preferred,"Brenner tumor, malignant",ブレンナー腫瘍，悪性（Ｃ56.9）,
9010/0,Preferred,"Fibroadenoma, NOS",線維腺腫，ＮＯＳ（Ｃ50._）,
9010/0,Related,Lipofibroadenoma,脂肪線維腺腫,
9011/0,Preferred,Intracanalicular fibroadenoma,管内性線維腺腫（Ｃ50._）,
9012/0,Preferred,Pericanalicular fibroadenoma,管周囲性線維腺腫（Ｃ50._）,
9013/0,Preferred,"Adenofibroma, NOS",腺線維腫，ＮＯＳ,
9013/0,Related,Metanephric adenofibroma,後腎腺線維腫,
9013/0,Synonym,Nephrogenic adenofibroma,腎性腺線維腫,
9013/0,Related,"Cystadenofibroma, NOS",のう胞腺線維腫，ＮＯＳ,
9013/0,Related,Papillary adenofibroma,乳頭状腺線維腫,
9014/0,Preferred,"Serous adenofibroma, NOS",漿液性腺線維腫，ＮＯＳ,
9014/0,Related,"Serous cystadenofibroma, NOS",漿液性のう胞腺線維腫，ＮＯＳ,
9014/0,Related,Seromucinous adenofibroma,漿液粘液性腺線維腫,
9014/1,Preferred,Serous adenofibroma of borderline malignancy,境界悪性漿液性腺線維腫 ※2,
9014/1,Related,Serous cystadenofibroma of borderline malignancy,境界悪性のう胞腺線維腫 ※2,
9014/3,Preferred,Serous adenocarcinofibroma,漿液性腺癌線維腫 ※2,
9014/3,Synonym,Malignant serous adenofibroma,悪性漿液性腺線維腫 ※2,
9014/3,Related,Serous cystadenocarcinofibroma,漿液性のう胞腺癌線維腫 ※2,
9014/3,Synonym,Malignant serous cystadenofibroma,悪性漿液性のう胞腺線維腫 ※2,
9015/0,Preferred,"Mucinous adenofibroma, NOS",粘液性腺線維腫，ＮＯＳ,
9015/0,Related,"Mucinous cystadenofibroma, NOS",粘液性のう胞腺線維腫，ＮＯＳ,
9015/1,Preferred,Mucinous adenofibroma of borderline malignancy,悪性度境界粘液性腺線維腫 ※2,
9015/1,Related,Mucinous cystadenofibroma of borderline malignancy,悪性度境界粘液性のう胞腺線維腫,
9015/3,Preferred,Mucinous adenocarcinofibroma,粘液性腺癌線維腫 ※2,
9015/3,Synonym,Malignant mucinous adenofibroma,悪性粘液性腺線維腫 ※2,
9015/3,Related,Mucinous cystadenocarcinofibroma,粘液性のう胞腺癌線維腫 ※2,
9015/3,Synonym,Malignant mucinous cystadenofibroma,悪性粘液性のう胞腺線維腫 ※2,
9016/0,Preferred,Giant fibroadenoma,巨線維腺腫（Ｃ50._）,
9020/0,Preferred,"Phyllodes tumor, benign",葉状腫瘍，良性（Ｃ50._）,
9020/0,Synonym,"Cystosarcoma phyllodes, benign",葉状のう胞肉腫，良性（Ｃ50._）[obs],1
9020/1,Preferred,"Phyllodes tumor, borderline",葉状腫瘍，境界悪性（Ｃ50._）,
9020/1,Synonym,"Cystosarcoma phyllodes, NOS",葉状のう胞肉腫，ＮＯＳ（Ｃ50._）,
9020/1,Synonym,"Phyllodes tumor, NOS",葉状腫瘍，ＮＯＳ（Ｃ50._） ※2,
9020/3,Preferred,"Phyllodes tumor, malignant",葉状腫瘍，悪性（Ｃ50._）,
9020/3,Synonym,"Cystosarcoma phyllodes, malignant",葉状のう胞肉腫，悪性（Ｃ50._）,1
9020/3,Related,"Periductal stromal tumor, low grade",乳管周囲性間質性腫瘍，低異型度,
9030/0,Preferred,Juvenile fibroadenoma,若年性線維腺腫（Ｃ50._）,
904,2,Synovial-like neoplasms,滑膜様新生物,
9040/0,Preferred,"Synovioma, benign",滑膜腫，良性,
9040/3,Preferred,"Synovial sarcoma, NOS",滑膜肉腫，ＮＯＳ,
9040/3,Synonym,"Synovioma, NOS",滑膜腫，ＮＯＳ,
9040/3,Synonym,"Synovioma, malignant",滑膜腫，悪性,
9041/3,Preferred,"Synovial sarcoma, spindle cell",滑膜肉腫，紡錘形細胞,
9041/3,Synonym,"Synovial sarcoma, monophasic fibrous",滑膜肉腫，単相性線維性 ※2,
9042/3,Preferred,"Synovial sarcoma, epithelioid cell",滑膜肉腫，類上皮細胞,
9043/3,Preferred,"Synovial sarcoma, biphasic",滑膜肉腫，二相性,
9044/3,Preferred,"Clear cell sarcoma, NOS",明細胞肉腫，ＮＯＳ（腎Ｍ-8964／3を除く）,
9044/3,Related,Malignant melanoma of soft parts,軟部悪性黒色腫,
9045/3,Preferred,Biphenotypic sinonasal sarcoma,混合型副鼻腔肉腫／多形質性副鼻腔肉腫,
905,2,Mesothelial neoplasms,中皮性新生物,
9050/0,Preferred,"Mesothelioma, benign",中皮腫，良性,
9050/3,Preferred,"Mesothelioma, malignant",中皮腫，悪性,
9050/3,Synonym,"Mesothelioma, NOS",中皮腫，ＮＯＳ,
9051/0,Preferred,"Fibrous mesothelioma, benign",線維性中皮腫，良性,
9051/3,Preferred,"Fibrous mesothelioma, malignant",線維性中皮腫，悪性,
9051/3,Synonym,"Fibrous mesothelioma, NOS",線維性中皮腫，ＮＯＳ,
9051/3,Synonym,Desmoplastic mesothelioma,線維形成性中皮腫 ※2,
9051/3,Synonym,Sarcomatoid mesothelioma,肉腫様中皮腫 ※2,
9051/3,Synonym,Spindled mesothelioma,紡錘形中皮腫 ※2,
9052/0,Preferred,"Epithelioid mesothelioma, benign",類上皮性中皮腫，良性,
9052/0,Related,Well differentiated papillary mesothelioma,,
9052/0,Synonym,Mesothelial papilloma,中皮性乳頭腫 ※2,
9052/1,Preferred,Well differentiated papillary mesothelioma of pleura,,
9052/3,Preferred,"Epithelioid mesothelioma, malignant",類上皮性中皮腫，悪性,
9052/3,Synonym,"Epithelioid mesothelioma, NOS",類上皮性中皮腫，ＮＯＳ,
9053/3,Preferred,"Mesothelioma, biphasic, malignant",中皮腫，二相性，悪性,
9053/3,Synonym,"Mesothelioma, biphasic, NOS",中皮腫，二相性，ＮＯＳ,
9054/0,Preferred,"Adenomatoid tumor, NOS",腺腫様腫瘍，ＮＯＳ,
9055/0,Preferred,Peritoneal inclusion cysts,腹膜封入嚢胞,
9055/0,Synonym,Cystic mesothelioma,嚢胞性中皮腫,
9055/0,Synonym,Multicystic mesothelioma,,
906-909,2,Germ cell neoplasms,胚細胞性新生物,
9060/3,Preferred,Dysgerminoma,未分化胚腫,
9061/3,Preferred,"Seminoma, NOS",セミノーマ，ＮＯＳ（Ｃ62._）,
9062/3,Preferred,"Seminoma, anaplastic",セミノーマ，退形成性（Ｃ62._）,
9062/3,Synonym,Seminoma with high mitotic index,高度有糸分裂を伴うセミノーマ,
9063/3,Preferred,Spermatocytic seminoma,精母細胞性セミノーマ（Ｃ62._）,
9063/3,Synonym,Spermatocytoma,精母細胞腫（Ｃ62._）,
9063/3,Synonym,Spermatocytic tumor,,
9064/2,Preferred,Intratubular malignant germ cells,管内性悪性胚細胞（Ｃ62._） ※2,
9064/2,Synonym,Intratubular germ cell neoplasia,管内性胚細胞腫瘍（Ｃ62._） ※2,
9064/2,Synonym,Germ cell neoplasia in situ,,
9064/3,Preferred,Germinoma,胚腫,
9064/3,Synonym,"Germ cell tumor, NOS",胚細胞腫瘍，ＮＯＳ,
9065/3,Preferred,"Germ cell tumor, nonseminomatous",胚細胞腫瘍，非セミノーマ性（Ｃ62._）,
9070/3,Preferred,"Embryonal carcinoma, NOS",胎芽性癌，ＮＯＳ,
9070/3,Synonym,Embryonal adenocarcinoma,胎芽性腺癌,
9071/3,Preferred,"Yolk sac tumor, NOS",,
9071/3,Synonym,"Embryonal carcinoma, infantile",胎芽性癌，幼児型,
9071/3,Synonym,"Yolk sac tumor, pre-pubertal type",,
9071/3,Synonym,Endodermal sinus tumor,内胚葉洞腫瘍,
9071/3,Synonym,Orchioblastoma,精巣芽腫（Ｃ62._）,
9071/3,Synonym,Polyvesicular vitelline tumor,多のう性卵黄腫瘍,
9071/3,Related,Hepatoid yolk sac tumor,ヘパトイド卵黄のう腫瘍 ※2,
9071/3,Related,"Yolk sac tumor, post-pubertal type",,
9072/3,Preferred,Polyembryoma,多胎芽腫,
9072/3,Synonym,"Embryonal carcinoma, polyembryonal type",胎芽性癌，多胎芽腫型,
9073/1,Preferred,Gonadoblastoma,性腺芽腫,
9073/1,Synonym,Gonocytoma,性腺細胞腫,
9080/0,Preferred,"Teratoma, benign",奇形腫，良性,
9080/0,Synonym,"Adult teratoma, NOS",成人型奇形腫，ＮＯＳ,
9080/0,Synonym,"Cystic teratoma, NOS",のう胞奇形腫，ＮＯＳ,
9080/0,Synonym,Adult cystic teratoma,成人型のう胞奇形腫,
9080/0,Synonym,"Mature teratoma, NOS",,
9080/0,Synonym,"Teratoma, differentiated",奇形腫，分化型,
9080/1,Preferred,"Teratoma, NOS",奇形腫，ＮＯＳ,
9080/1,Synonym,Solid teratoma,充実性奇形腫,
9080/1,Related,"Germ cell tumor, regressed",退縮性胚細胞腫瘍,
9080/1,Related,Immature teratoma of lung,,
9080/1,Related,Immature teratoma of thymus,,
9080/1,Related,Immature teratoma of thyroid,,
9080/3,Preferred,"Teratoma, malignant, NOS",奇形腫，悪性，ＮＯＳ,
9080/3,Synonym,Embryonal teratoma,胎芽性奇形腫,
9080/3,Synonym,"Teratoblastoma, malignant",奇形芽腫，悪性,
9080/3,Related,"Immature teratoma, malignant",未熟奇形腫，悪性 ※2,
9080/3,Synonym,"Immature teratoma, NOS",未熟奇形腫，ＮＯＳ,
9081/3,Preferred,Teratocarcinoma,奇形癌,
9081/3,Synonym,Mixed embryonal carcinoma and teratoma,胎芽性癌・奇形腫混合腫瘍,
9081/3,Related,Teratocarcinosarcoma,,
9082/3,Preferred,"Malignant teratoma, undifferentiated",悪性奇形腫，未分化型,
9082/3,Synonym,"Malignant teratoma, anaplastic",悪性奇形腫，退形成性,
9083/3,Preferred,"Malignant teratoma, intermediate",悪性奇形腫，中間型,
9084/0,Preferred,"Dermoid cyst, NOS",皮様のう胞，ＮＯＳ,
9084/0,Synonym,"Dermoid, NOS",皮様のう胞，ＮＯＳ,
9084/0,Related,"Teratoma, prepubertal type",,
9084/0,Synonym,"Teratoma, mature, prepubertal type",,
9084/3,Preferred,Teratoma with malignant transformation,悪性転化を伴う奇形腫,
9084/3,Synonym,Teratoma with somatic type malignancies,,
9084/3,Synonym,Dermoid cyst with malignant transformation,悪性転化を伴う皮様のう胞（Ｃ56.9）,
9084/3,Synonym,Dermoid cyst with secondary tumor,続発性腫瘍を伴う皮様のう胞 ※2,
9085/3,Preferred,Mixed germ cell tumor,混合性胚細胞腫瘍,
9085/3,Related,Mixed teratoma and seminoma,混合性奇形腫・セミノーマ ※2,
9086/3,Preferred,Germ cell tumor with associated hematological malignancy,,
9090/0,Preferred,"Struma ovarii, NOS",卵巣甲状腺腫，ＮＯＳ（Ｃ56.9）,
9090/3,Preferred,"Struma ovarii, malignant",卵巣甲状腺腫，悪性（Ｃ56.9）,
9091/1,Preferred,Strumal carcinoid,甲状腺腫性カルチノイド（Ｃ56.9）,
9091/1,Synonym,Struma ovarii and carcinoid,卵巣甲状腺腫・カルチノイド（Ｃ56.9）,
910,2,Trophoblastic neoplasms,トロホブラスト性新生物,
9100/0,Preferred,"Hydatidiform mole, NOS",胞状奇胎，ＮＯＳ（Ｃ58.9）,
9100/0,Synonym,Complete hydatidiform mole,全胞状奇胎（Ｃ58.9）,
9100/0,Synonym,Hydatid mole,胞状奇胎（Ｃ58.9）,
9100/1,Preferred,Invasive hydatidiform mole,侵入胞状奇胎（Ｃ58.9）,
9100/1,Synonym,"Invasive mole, NOS",侵入奇胎，ＮＯＳ（Ｃ58.9）,
9100/1,Synonym,"Chorioadenoma, NOS",,
9100/1,Synonym,Chorioadenoma destruens,破壊性絨毛腺腫（Ｃ58.9）,
9100/1,Synonym,Malignant hydatidiform mole,悪性胞状奇胎（Ｃ58.9）,
9100/3,Preferred,"Choriocarcinoma, NOS",絨毛癌，ＮＯＳ,
9100/3,Synonym,Chorioepithelioma,,
9100/3,Synonym,Chorionepithelioma,絨毛上皮腫,
9101/3,Preferred,Choriocarcinoma combined with other germ cell elements,他の胚細胞腫瘍成分を伴う絨毛癌,
9101/3,Synonym,Choriocarcinoma combined with embryonal carcinoma,胎芽性癌を伴う絨毛癌,
9101/3,Synonym,Choriocarcinoma combined with teratoma,奇形腫を伴う絨毛癌,
9102/3,Preferred,"Malignant teratoma, trophoblastic",悪性奇形腫，トロホブラスト性,
9103/0,Preferred,Partial hydatidiform mole,部分胞状奇胎（Ｃ58.9）,
9104/1,Preferred,Placental site trophoblastic tumor,胎盤部トロホブラスト性腫瘍（Ｃ58.9）,
9105/3,Preferred,"Trophoblastic tumor, epithelioid",トロホブラスト性腫瘍，類上皮性 ※1,
911,2,Mesonephromas,中腎腫,
9110/0,Preferred,Adenoma of rete ovarii,卵巣網腺腫,
9110/0,Related,"Mesonephroma, benign",中腎腫，良性,
9110/0,Synonym,Mesonephric adenoma,中腎腺腫,
9110/0,Synonym,Wolffian duct adenoma,ウォルフ管腺腫,
9110/1,Preferred,Wolffian tumor,ウォルフ管腫瘍,
9110/1,Synonym,Wolffian duct tumor,ウォルフ管腫瘍 ※2,
9110/1,Synonym,Mesonephric tumor,,
9110/3,Preferred,"Mesonephroma, malignant",中腎腫，悪性,
9110/3,Synonym,"Mesonephroma, NOS",中腎腫，ＮＯＳ,
9110/3,Synonym,Mesonephric adenocarcinoma,中腎性腺癌,
9110/3,Synonym,Wolffian duct carcinoma,ウォルフ管癌,
9110/3,Related,Adenocarcinoma of rete ovarii,卵巣網腺癌,
912-916,2,Blood vessel tumors,血管性腫瘍,
9120/0,Preferred,"Hemangioma, NOS",血管腫，ＮＯＳ,
9120/0,Synonym,"Angioma, NOS",,
9120/0,Synonym,Chorioangioma,絨毛血管腫（Ｃ58.9）,
9120/0,Related,Cherry hemangioma,,
9120/0,Related,Sinusoidal hemangioma,,
9120/0,Related,Microvenular hemangioma,,
9120/0,Related,Glomeruloid hemangioma,,
9120/0,Related,Spindle cell hemangioma,,
9120/0,Related,Hobnail hemangioma,,
9120/3,Preferred,Hemangiosarcoma,血管肉腫,
9120/3,Synonym,Angiosarcoma,,
9121/0,Preferred,Cavernous hemangioma,海綿状血管腫,
9122/0,Preferred,Venous hemangioma,静脈血管腫,
9123/0,Preferred,Racemose hemangioma,蔓状血管腫,
9123/0,Synonym,Arteriovenous hemangioma,動静脈血管腫,
9124/3,Preferred,Kupffer cell sarcoma,クッパー細胞肉腫（Ｃ22.0）,
9125/0,Preferred,Epithelioid hemangioma,類上皮血管腫,
9125/0,Synonym,Histiocytoid hemangioma,組織球様血管腫 ※3,
9125/0,Related,Cutaneous epithelioid angiomatoid nodule,,
9126/0,Preferred,Atypical vascular lesion,,
9130/0,Preferred,"Hemangioendothelioma, benign",血管内皮腫，良性,1
9130/1,Preferred,"Hemangioendothelioma, NOS",血管内皮腫，ＮＯＳ,
9130/1,Synonym,Angioendothelioma,,
9130/1,Related,Kaposiform hemangioendothelioma,カポジ型血管内皮腫 ※2,
9130/3,Preferred,"Hemangioendothelioma, malignant",血管内皮腫，悪性,
9130/3,Synonym,Hemangioendothelial sarcoma,血管内皮肉腫,
9131/0,Preferred,Capillary hemangioma,毛細血管腫,
9131/0,Synonym,Hemangioma simplex,単純性血管腫,
9131/0,Synonym,Infantile hemangioma,乳児性血管腫,
9131/0,Synonym,Juvenile hemangioma,若年性血管腫,
9131/0,Synonym,Plexiform hemangioma,そう状血管腫,
9131/0,Related,Lobular capillary hemangioma,,
9131/0,Related,"Congenital hemangioma, NOS",,
9131/0,Related,"Congenital hemangioma, rapidly involuting",,
9131/0,Related,"Congenital hemangioma, non-involuting",,
9132/0,Preferred,Intramuscular hemangioma,筋肉内血管腫,
9132/0,Synonym,Intramuscular angioma,,
9133/3,Preferred,"Epithelioid hemangioendothelioma, NOS",類上皮型血管内皮腫，NOS／類上皮血管内皮腫，NOS,
9133/3,Synonym,"Epithelioid hemangioendothelioma, malignant",類上皮血管内皮腫，悪性,
9133/3,Related,Intravascular bronchial alveolar tumor,血管内気管支肺胞腫瘍（Ｃ34._）[obs],1
9135/1,Preferred,Papillary intralymphatic angioendothelioma,乳頭状リンパ管内内皮腫,
9135/1,Synonym,Endovascular papillary angioendothelioma,血管内乳頭状血管内皮腫 ※1,
9135/1,Synonym,Dabska tumor,ダブスカ 腫瘍 ※1,
9136/1,Preferred,Spindle cell hemangioendothelioma,紡錘形細胞血管内皮腫 ※1,
9136/1,Synonym,Spindle cell angioendothelioma,紡錘形細胞血管内皮腫 ※1,1
9136/1,Related,Retiform hemangioendothelioma,,
9136/1,Related,Composite hemangioendothelioma,,
9137/0,Preferred,Myointimoma,筋内膜腫,
9137/3,Preferred,Intimal sarcoma,内膜肉腫,
9138/1,Preferred,Pseudomyogenic (epithelioid sarcoma-like) hemangioendothelioma,,
9140/3,Preferred,Kaposi sarcoma,カポジ肉腫,
9140/3,Synonym,Multiple hemorrhagic sarcoma,多発性出血性肉腫,
9141/0,Preferred,Angiokeratoma,血管角化腫,
9142/0,Preferred,Verrucous keratotic hemangioma,ゆう状角化性血管腫,
9142/0,Synonym,Verrucous venous malformation,,
9160/0,Preferred,"Angiofibroma, NOS",血管線維腫，ＮＯＳ,
9160/0,Synonym,Fibrous papule of nose,,1
9160/0,Synonym,Involuting nevus,,1
9160/0,Synonym,Juvenile angiofibroma,若年性血管線維腫,
9160/0,Related,Cellular angiofibroma,富細胞性血管線維腫 ※2,
9160/0,Related,Giant cell angiofibroma,巨細胞血管線維腫 ※2,
9161/0,Preferred,Acquired tufted hemangioma,後天性房状血管腫 ※2,
9161/0,Synonym,Tufted hemangioma,,
9161/1,Preferred,Hemangioblastoma,血管芽腫,
9161/1,Synonym,Angioblastoma,,
917,2,Lymphatic vessel tumors,リンパ管性腫瘍,
9170/0,Preferred,"Lymphangioma, NOS",リンパ管腫，ＮＯＳ,
9170/0,Synonym,"Lymphangioendothelioma, NOS",リンパ管内皮腫，ＮＯＳ,
9170/3,Preferred,Lymphangiosarcoma,リンパ管肉腫,
9170/3,Synonym,Lymphangioendothelial sarcoma,リンパ管内皮肉腫,
9170/3,Synonym,"Lymphangioendothelioma, malignant",リンパ管内皮腫，悪性,
9171/0,Preferred,Capillary lymphangioma,毛細リンパ管腫,
9172/0,Preferred,Cavernous lymphangioma,海綿状リンパ管腫,
9173/0,Preferred,Cystic lymphangioma,のう胞性リンパ管腫,
9173/0,Synonym,"Hygroma, NOS",ヒグローマ，ＮＯＳ,
9173/0,Synonym,Cystic hygroma,のう胞状ヒグローマ,
9174/0,Preferred,Lymphangiomyoma,リンパ管筋腫,
9174/1,Preferred,Lymphangioleiomyomatosis,リンパ管平滑筋症 ※2,
9174/1,Synonym,Lymphangiomyomatosis,リンパ管筋腫症,
9175/0,Preferred,Hemolymphangioma,血管リンパ管腫,
918-924,2,Osseous and chondromatous neoplasms,骨及び軟骨腫性新生物,
9180/0,Preferred,"Osteoma, NOS",骨腫，ＮＯＳ（Ｃ40._，Ｃ41._）,
9180/3,Preferred,"Osteosarcoma, NOS",骨肉腫，ＮＯＳ（Ｃ40._，Ｃ41._）,
9180/3,Synonym,"Osteogenic sarcoma, NOS",骨原性肉腫（Ｃ40._，Ｃ41._）,
9180/3,Synonym,Osteoblastic sarcoma,骨芽細胞肉腫（Ｃ40._，Ｃ41._）,
9180/3,Synonym,Osteochondrosarcoma,骨軟骨肉腫（Ｃ40._，Ｃ41._）,
9180/3,Related,"Osteosarcoma, extraskeletal",,
9181/3,Preferred,Chondroblastic osteosarcoma,軟骨芽細胞性骨肉腫（Ｃ40._，Ｃ41._）,
9182/3,Preferred,Fibroblastic osteosarcoma,線維芽細胞性骨肉腫（Ｃ40._，Ｃ41._）,
9182/3,Synonym,Osteofibrosarcoma,骨線維肉腫（Ｃ40._，Ｃ41._）,
9183/3,Preferred,Telangiectatic osteosarcoma,末梢血管拡張性骨肉腫（Ｃ40._，Ｃ41._）,
9184/3,Preferred,Osteosarcoma in Paget disease of bone,骨Paget病随伴骨肉腫（Ｃ40._，Ｃ41._）,
9184/3,Synonym,Secondary osteosarcoma,,
9185/3,Preferred,Small cell osteosarcoma,小細胞性骨肉腫（Ｃ40._，Ｃ41._）,
9185/3,Synonym,Round cell osteosarcoma,円形細胞性骨肉腫（Ｃ40._，Ｃ41._）,
9186/3,Preferred,"Central osteosarcoma, NOS",,
9186/3,Synonym,Conventional central osteosarcoma,通常型中心性骨肉腫（Ｃ40._，Ｃ41._）,
9186/3,Synonym,Medullary osteosarcoma,髄様骨肉腫（Ｃ40._，Ｃ41._） ※1,
9187/3,Preferred,Low grade central osteosarcoma,骨内低悪性度骨肉腫,
9187/3,Synonym,Low grade intramedullary osteosarcoma,低悪性度骨髄内骨肉腫,
9187/3,Related,Intraosseous well differentiated osteosarcoma,骨内高分化型骨肉腫（Ｃ40._，Ｃ41._）,
9187/3,Synonym,Intraosseous low grade osteosarcoma,骨内低悪性度骨肉腫（Ｃ40._，Ｃ41._）,
9191/0,Preferred,"Osteoid osteoma, NOS",類骨骨腫，ＮＯＳ（Ｃ40._，Ｃ41._）,
9192/3,Preferred,Parosteal osteosarcoma,傍骨性骨肉腫（Ｃ40._，Ｃ41._） ※3,
9192/3,Synonym,Juxtacortical osteosarcoma,傍皮質骨肉腫（Ｃ40._，Ｃ41._） ※3,
9193/3,Preferred,Periosteal osteosarcoma,,
9194/3,Preferred,High grade surface osteosarcoma,高悪性度表在性骨肉腫（Ｃ40._，Ｃ41._）,
9195/3,Preferred,Intracortical osteosarcoma,皮質内骨肉腫（Ｃ40._，Ｃ41._） ※1,
9200/0,Preferred,"Osteoblastoma, NOS",骨芽細胞腫，ＮＯＳ（Ｃ40._，Ｃ41._）,
9200/0,Synonym,Giant osteoid osteoma,巨大類骨骨腫（Ｃ40._，Ｃ41._）,
9200/1,Preferred,Aggressive osteoblastoma,侵襲性骨芽腫（Ｃ40._，Ｃ41._）,
9210/0,Preferred,Osteochondroma,骨軟骨腫（Ｃ40._，Ｃ41._）,
9210/0,Synonym,Cartilaginous exostosis,軟骨性外骨症（Ｃ40._，Ｃ41._）,
9210/0,Synonym,Ecchondroma,外軟骨腫（Ｃ40._，Ｃ41._）,
9210/0,Synonym,Osteocartilaginous exostosis,骨軟骨性外骨症（Ｃ40._，Ｃ41._）,
9210/1,Preferred,"Osteochondromatosis, NOS",骨軟骨腫症，ＮＯＳ（Ｃ40._，Ｃ41._）,
9210/1,Synonym,Ecchondrosis,外軟骨腫症（Ｃ40._，Ｃ41._）,
9211/0,Preferred,Osteochondromyxoma,骨軟骨粘液腫,
9212/0,Preferred,Bizarre parosteal osteochondromatous proliferation,傍骨性骨軟骨異形増生,
9213/0,Preferred,Subungual exostosis,爪下外骨腫,
9220/0,Preferred,"Chondroma, NOS",軟骨腫，ＮＯＳ（Ｃ40._，Ｃ41._）,
9220/0,Related,Enchondroma,内軟骨腫（Ｃ40._，Ｃ41._）,
9220/1,Preferred,"Chondromatosis, NOS",軟骨腫症，ＮＯＳ,
9220/3,Preferred,"Chondrosarcoma, NOS",軟骨肉腫，ＮＯＳ（Ｃ40._，Ｃ41._）,
9220/3,Related,Fibrochondrosarcoma,線維軟骨肉腫（Ｃ40._，Ｃ41._）,
9220/3,Related,"Chondrosarcoma, grade 2",軟骨肉腫，グレード2,
9220/3,Related,"Chondrosarcoma, grade 3",軟骨肉腫，グレード3,
9221/0,Preferred,Periosteal chondroma,骨膜性軟骨腫（Ｃ40._，Ｃ41._）,
9221/0,Related,Juxtacortical chondroma,傍皮質軟骨腫（Ｃ40._，Ｃ41._）,
9221/3,Preferred,Periosteal chondrosarcoma,骨腫性軟骨肉腫（Ｃ40._，Ｃ41._） ※2,
9221/3,Related,Juxtacortical chondrosarcoma,傍皮質性軟骨肉腫（Ｃ40._，Ｃ41._）,
9222/1,Preferred,Atypical cartilaginous tumor,異型軟骨腫瘍,
9222/1,Synonym,"Chondrosarcoma, grade 1",軟骨肉腫，グレード１,
9230/1,Preferred,"Chondroblastoma, NOS",軟骨芽腫，ＮＯＳ（Ｃ40._，Ｃ41._）,
9230/1,Synonym,Chondromatous giant cell tumor,軟骨腫性巨細胞腫瘍（Ｃ40._，Ｃ41._）,
9230/1,Synonym,Codman tumor,コッドマン腫瘍（Ｃ40._，Ｃ41._）,
9230/3,Preferred,"Chondroblastoma, malignant",軟骨芽腫，悪性（Ｃ40._，Ｃ41._）,
9231/3,Preferred,Myxoid chondrosarcoma,粘液様軟骨肉腫,
9240/3,Preferred,Mesenchymal chondrosarcoma,間葉性軟骨肉腫,
9241/0,Preferred,Chondromyxoid fibroma,軟骨粘液様線維腫（Ｃ40._，Ｃ41._）,
9242/3,Preferred,Clear cell chondrosarcoma,明細胞軟骨肉腫（Ｃ40._，Ｃ41._） ※1,
9243/3,Preferred,Dedifferentiated chondrosarcoma,脱分化型軟骨肉腫（Ｃ40._，Ｃ41._）,
925,2,Giant cell tumors,巨細胞腫瘍,
9250/1,Preferred,"Giant cell tumor of bone, NOS",骨巨細胞腫瘍，ＮＯＳ（Ｃ40._，Ｃ41._）,
9250/1,Synonym,"Osteoclastoma, NOS",破骨細胞腫，ＮＯＳ（Ｃ40._，Ｃ41._）,
9250/3,Preferred,"Giant cell tumor of bone, malignant",骨巨細胞腫瘍，悪性（Ｃ40._，Ｃ41._）,
9250/3,Synonym,Giant cell sarcoma of bone,骨の巨細胞肉腫（Ｃ40._，Ｃ41._）,
9250/3,Synonym,"Osteoclastoma, malignant",破骨細胞腫，悪性（Ｃ40._，Ｃ41._）,
9251/1,Preferred,"Giant cell tumor of soft parts, NOS",軟部巨細胞腫瘍，ＮＯＳ,
9251/3,Preferred,Malignant giant cell tumor of soft parts,悪性軟部巨細胞腫瘍,
9252/0,Preferred,"Tenosynovial giant cell tumor, NOS",,
9252/0,Related,"Tenosynovial giant cell tumor, localised",腱滑膜巨細胞腫，限局型,
9252/0,Synonym,Fibrous histiocytoma of tendon sheath,腱鞘線維組織球腫（Ｃ49._） ※1,
9252/0,Synonym,"Giant cell tumor of tendon sheath, NOS",,
9252/1,Preferred,"Tenosynovial giant cell tumor, diffuse",腱滑膜巨細胞腫，びまん型,
9252/1,Synonym,Pigmented villonodular synovitis,色素性絨毛結節性滑膜炎,
9252/3,Preferred,Malignant tenosynovial giant cell tumor,悪性腱滑膜巨細胞腫瘍（Ｃ49._） ※1,
9252/3,Synonym,"Giant cell tumor of tendon sheath, malignant",腱鞘巨細胞腫瘍，悪性（Ｃ49._）,
926,2,Miscellaneous bone tumors,その他の骨腫瘍（Ｃ40._，Ｃ,
9260/0,Preferred,Aneurysmal bone cyst,,
9261/3,Preferred,Adamantinoma of long bones,長管骨アダマンチノーマ（Ｃ40._）,
9262/0,Preferred,Ossifying fibroma,化骨性線維腫／骨形成性線維腫,
9262/0,Synonym,Fibro-osteoma,線維骨腫,
9262/0,Synonym,Osteofibroma,骨線維腫,
927-934,2,Odontogenic tumors,歯原性腫瘍（Ｃ41._）,
9270/0,Preferred,"Odontogenic tumor, benign",歯原性腫瘍，良性,
9270/1,Preferred,"Odontogenic tumor, NOS",歯原性腫瘍，ＮＯＳ,
9270/3,Preferred,"Odontogenic tumor, malignant",歯原性腫瘍，悪性,
9270/3,Synonym,Ameloblastic carcinoma,エナメル上皮癌,
9270/3,Synonym,Odontogenic carcinoma,歯原性癌,
9270/3,Synonym,Odontogenic sarcoma,歯原性肉腫,
9270/3,Synonym,Primary intraosseous carcinoma,原発性骨内癌 ※2,
9271/0,Preferred,Ameloblastic fibrodentinoma,エナメル上皮線維象牙質腫 ※2,
9271/0,Synonym,Dentinoma,象牙質腫,
9272/0,Preferred,"Cementoma, NOS",セメント質腫，ＮＯＳ,
9272/0,Synonym,Periapical cemental dysplasia,根尖性セメント質異形成症,
9272/0,Synonym,Periapical cemento-osseous dysplasia,根尖性セメント質・骨性異形成,
9273/0,Preferred,"Cementoblastoma, benign",セメント牙細胞腫，良性,
9274/0,Preferred,Cemento-ossifying fibroma,セメント質骨化性線維腫 ※2,
9274/0,Related,Cementifying fibroma,セメント質形成性線維腫,
9275/0,Preferred,Gigantiform cementoma,巨大型セメント質腫,
9275/0,Synonym,Florid osseous dysplasia,開花性骨異形成症,
9280/0,Preferred,"Odontoma, NOS",歯牙腫，ＮＯＳ,
9281/0,Preferred,Compound odontoma,複合性歯牙腫,
9282/0,Preferred,Complex odontoma,複雑性歯牙腫,
9290/0,Preferred,Ameloblastic fibro-odontoma,エナメル上皮線維歯牙腫,
9290/0,Synonym,Fibroameloblastic odontoma,線維エナメル上皮歯牙腫,
9290/3,Preferred,Ameloblastic odontosarcoma,エナメル上皮歯牙肉腫,
9290/3,Synonym,Ameloblastic fibro-odontosarcoma,エナメル上皮線維・象牙肉腫 ※2,
9290/3,Synonym,Ameloblastic fibrodentinosarcoma,エナメル上皮線維象牙肉腫 ※2,
9300/0,Preferred,Adenomatoid odontogenic tumor,腺腫様歯原性腫瘍,
9300/0,Synonym,Adenoameloblastoma,腺エナメル上皮腫,
9301/0,Preferred,Calcifying odontogenic cyst,石灰化歯原性のう胞,
9302/0,Preferred,Dentinogenic ghost cell tumor,象牙質形成性幻影細胞腫,
9302/0,Synonym,Odontogenic ghost cell tumor,歯原性ゴースト細胞腫瘍,
9302/3,Preferred,Ghost cell odontogenic carcinoma,幻影細胞性歯原性癌／歯原性ゴースト細胞癌,
9310/0,Preferred,"Ameloblastoma, NOS",エナメル上皮腫，ＮＯＳ,
9310/0,Synonym,"Adamantinoma, NOS",アダマンチノーマ，ＮＯＳ（長管骨Ｍ-9261／3を除く）,
9310/3,Preferred,"Ameloblastoma, metastasizing",エナメル上皮腫，易転移性／転移性エナメル上皮腫,
9310/3,Synonym,"Ameloblastoma, malignant",エナメル上皮腫，悪性,
9310/3,Synonym,"Adamantinoma, malignant",アダマンチノーマ，悪性（長管骨Ｍ-9261／3を除く）,
9311/0,Preferred,Odontoameloblastoma,歯牙エナメル上皮腫,
9312/0,Preferred,Squamous odontogenic tumor,歯原性扁平上皮腫瘍,
9320/0,Preferred,Odontogenic myxoma,歯原性粘液腫,
9320/0,Synonym,Odontogenic myxofibroma,歯原性粘液線維腫,
9321/0,Preferred,"Odontogenic fibroma, NOS",歯原性線維腫，ＮＯＳ,
9321/0,Synonym,Central odontogenic fibroma,中心性歯原性線維腫,
9322/0,Preferred,Peripheral odontogenic fibroma,周辺性歯原性線維腫,
9330/0,Preferred,Ameloblastic fibroma,エナメル上皮線維腫,
9330/3,Preferred,Ameloblastic fibrosarcoma,エナメル上皮線維肉腫,
9330/3,Synonym,Ameloblastic sarcoma,エナメル上皮肉腫,
9330/3,Synonym,Odontogenic fibrosarcoma,歯原性線維肉腫,
9340/0,Preferred,Calcifying epithelial odontogenic tumor,歯原性石灰化上皮腫瘍,
9340/0,Synonym,Pindborg tumor,ピンボルグ腫瘍,
9341/3,Preferred,Clear cell odontogenic carcinoma,明細胞性歯原性癌,
9341/3,Synonym,Clear cell odontogenic tumor,明細胞性歯原性腫瘍,
9342/3,Preferred,Odontogenic carcinosarcoma,歯原性癌肉腫 ※1,
935-937,2,Miscellaneous tumors,その他の腫瘍,
9350/1,Preferred,"Craniopharyngioma, NOS",,
9350/1,Synonym,Rathke pouch tumor,ラトケのう腫瘍（Ｃ75.1）,
9351/1,Preferred,"Craniopharyngioma, adamantinomatous",頭蓋咽頭腫，エナメル上皮腫様,
9352/1,Preferred,"Craniopharyngioma, papillary",頭蓋咽頭腫，乳頭状（Ｃ75.2） ※1,
9360/1,Preferred,Pinealoma,松果体腫（Ｃ75.3）,1
9361/1,Preferred,Pineocytoma,松果体細胞腫（Ｃ75.3）,
9362/3,Preferred,Pineoblastoma,松果体芽腫（Ｃ75.3）,
9362/3,Related,Mixed pineal tumor,混合松果体腫瘍（Ｃ75.3） ※2,
9362/3,Synonym,Mixed pineocytoma-pineoblastoma,混合性松果体細胞腫・松果体芽腫（Ｃ,
9362/3,Related,Pineal parenchymal tumor of intermediate differentiation,中程度分化型松果体間質性腫瘍※2,
9362/3,Related,Transitional pineal tumor,移行型松果体腫瘍（Ｃ75.3） ※2,
9363/0,Preferred,Melanotic neuroectodermal tumor,黒色細胞性神経外胚葉性腫瘍,
9363/0,Synonym,Melanoameloblastoma,黒色エナメル上皮腫,
9363/0,Synonym,Melanotic progonoma,黒色性プロゴノーマ,
9363/0,Synonym,Retinal anlage tumor,網膜原基腫瘍,
9364/3,Preferred,Ewing sarcoma,ユーイング肉腫,
9364/3,Synonym,Ewing tumor,ユーイング腫瘍,
9364/3,Synonym,Peripheral neuroectodermal tumor,末梢性神経外胚葉腫瘍,
9364/3,Related,"Neuroectodermal tumor, NOS",神経外胚葉腫瘍，ＮＯＳ,
9364/3,Related,Peripheral primitive neuroectodermal tumor,,
9364/3,Synonym,PPNET,ＰＰＮＥＴ ※2,
9365/3,Preferred,Askin tumor,,
9370/0,Preferred,Benign notochordal cell tumor,良性脊索細胞腫,
9370/3,Preferred,"Chordoma, NOS",脊索腫，ＮＯＳ,
9371/3,Preferred,Chondroid chordoma,軟骨様脊索腫 ※1,
9372/3,Preferred,Dedifferentiated chordoma,脱分化型脊索腫 ※1,
9373/0,Preferred,Parachordoma,傍脊索腫 ※1,
938-948,2,Gliomas,グリオーマ,
9380/3,Preferred,"Glioma, malignant",グリオーマ，悪性（Ｃ71._）,
9380/3,Synonym,"Glioma, NOS",グリオーマ，ＮＯＳ（鼻グリオーマ，非腫瘍性，を除く）（Ｃ71._）,
9381/3,Preferred,Gliomatosis cerebri,脳膠腫症（Ｃ71._）,
9382/3,Preferred,"Oligoastrocytoma, NOS",乏突起星細胞腫，NOS,
9382/3,Synonym,Mixed glioma,混合グリオーマ（Ｃ71._）,
9382/3,Synonym,Anaplastic oligoastrocytoma,退形成性希突起アストロサイトーマ（Ｃ,
9383/1,Preferred,Subependymoma,上衣下腫（Ｃ71._）,
9383/1,Synonym,"Subependymal astrocytoma, NOS",上衣下アストロサイトーマ，ＮＯＳ（Ｃ,
9383/1,Synonym,Subependymal glioma,上衣下グリオーマ（Ｃ71._）,
9383/1,Related,Mixed subependymoma-ependymoma,混合上衣下腫・上衣腫(C71._) ※2,
9384/1,Preferred,Subependymal giant cell astrocytoma,上衣下巨細胞性アストロサイトーマ,
9385/3,Preferred,"Diffuse midline glioma, H3 K27M-mutant",びまん性正中膠腫，H3 K27M変異,
9385/3,Related,"Diffuse intrinsic pontine glioma, H3 K27M-mutant",びまん性橋膠腫，H3 K27M変異,
9390/0,Preferred,"Choroid plexus papilloma, NOS",脈絡そう乳頭腫，ＮＯＳ（Ｃ71.5）,
9390/1,Preferred,Atypical choroid plexus papilloma,異型脈絡そう乳頭腫（Ｃ71.5） ※2,
9390/3,Preferred,Choroid plexus carcinoma,脈絡そう癌（Ｃ71.5） ※2,
9390/3,Synonym,"Choroid plexus papilloma, anaplastic",脈絡そう乳頭腫，退形成性（Ｃ71.5）,
9390/3,Synonym,"Choroid plexus papilloma, malignant",脈絡そう乳頭腫，悪性（Ｃ71.5）,
9391/1,Preferred,Sellar ependymoma,トルコ鞍上衣腫,
9391/3,Preferred,"Ependymoma, NOS",上衣腫，ＮＯＳ（Ｃ71._）,
9391/3,Synonym,Epithelial ependymoma,上皮性上衣腫（Ｃ71._）,
9391/3,Related,Cellular ependymoma,細胞性上衣腫（Ｃ71._） ※2,
9391/3,Related,Clear cell ependymoma,明細胞上衣腫（Ｃ71._） ※2,
9391/3,Related,Tanycytic ependymoma,なめし皮様細胞性上衣腫（Ｃ71._）,
9392/3,Preferred,"Ependymoma, anaplastic",上衣腫，退形成性（Ｃ71._）,
9392/3,Synonym,Ependymoblastoma,上衣芽腫（Ｃ71._）,
9393/3,Preferred,Papillary ependymoma,乳頭状上衣腫（Ｃ71._） ※6,
9394/1,Preferred,Myxopapillary ependymoma,粘液乳頭状上衣腫（Ｃ72.0）,
9395/3,Preferred,Papillary tumor of pineal region,,
9396/3,Preferred,"Ependymoma, RELA fusion positive",上衣腫，RELA融合陽性,
9400/3,Preferred,"Astrocytoma, NOS",アストロサイトーマ，ＮＯＳ（Ｃ71._）,
9400/3,Synonym,Astrocytic glioma,星細胞性グリオーマ（Ｃ71._）,
9400/3,Synonym,Astroglioma,,1
9400/3,Related,"Astrocytoma, low grade",アストロサイトーマ，低悪性度（Ｃ71._）,
9400/3,Related,Cystic astrocytoma,,1
9400/3,Related,"Diffuse astrocytoma, NOS",,
9400/3,Related,"Diffuse astrocytoma, low grade",びまん性アストロサイトーマ，低悪性度（Ｃ,
9400/3,Related,"Diffuse astrocytoma, IDH-mutant",びまん性星細胞腫，IDH変異,
9400/3,Related,"Diffuse astrocytoma, IDH-wildtype",びまん性星細胞腫，IDH野生型,
9401/3,Preferred,"Astrocytoma, anaplastic, NOS",,
9401/3,Related,"Astrocytoma, anaplastic, IDH-mutant",退形成性星細胞腫，IDH変異,
9401/3,Related,"Astrocytoma, anaplastic, IDH-wildtype",退形成性星細胞腫，IDH野生型,
9410/3,Preferred,Protoplasmic astrocytoma,原形質性アストロサイトーマ（Ｃ71._）,1
9411/3,Preferred,"Gemistocytic astrocytoma, NOS",,
9411/3,Synonym,"Gemistocytic astrocytoma, IDH-mutant",,
9411/3,Synonym,Gemistocytoma,ゲミストサイトーマ（Ｃ71._）,
9412/1,Preferred,Desmoplastic infantile astrocytoma,線維形成性乳児アストロサイトーマ,
9412/1,Related,Desmoplastic infantile ganglioglioma,線維形成性乳児神経節膠腫（Ｃ71._）,
9413/0,Preferred,Dysembryoplastic neuroepithelial tumor,胎生期発育不全性神経上皮腫瘍※1,
9420/3,Preferred,Fibrillary astrocytoma,細線維性アストロサイトーマ（Ｃ71._）,
9420/3,Synonym,Fibrous astrocytoma,線維性アストロサイトーマ（Ｃ71._）,
9421/1,Preferred,Pilocytic astrocytoma,毛細胞性アストロサイトーマ（Ｃ71._）,
9421/1,Synonym,"Spongioblastoma, NOS",海綿芽腫，ＮＯＳ（Ｃ71._）[obs] ※3/※6,1
9421/1,Synonym,Juvenile astrocytoma,若年性アストロサイトーマ（Ｃ71._）,
9421/1,Synonym,Piloid astrocytoma,毛様アストロサイトーマ（Ｃ71._） ※6,
9423/3,Preferred,Polar spongioblastoma,極性海綿芽腫（Ｃ71._） ※2,
9423/3,Synonym,Primitive polar spongioblastoma,原始極性海綿芽腫（Ｃ71._）[obs],1
9423/3,Synonym,Spongioblastoma polare,極性海綿芽細胞腫（Ｃ71._）,1
9424/3,Preferred,"Pleomorphic xanthoastrocytoma, NOS",,
9424/3,Related,Anaplastic pleomorphic xanthoastrocytoma,,
9425/3,Preferred,Pilomyxoid astrocytoma,毛様類粘液性星細胞腫★,
9430/3,Preferred,Astroblastoma,星芽腫（Ｃ71._）,1
9431/1,Preferred,Angiocentric glioma,血管中心性膠腫★,
9432/1,Preferred,Pituicytoma,下垂体細胞腫★,
9440/3,Preferred,"Glioblastoma, NOS",膠芽腫，ＮＯＳ（Ｃ71._）,
9440/3,Related,Epithelioid glioblastoma,類上皮膠芽腫,
9440/3,Related,"Glioblastoma, IDH-wildtype",膠芽腫，IDH野生型,
9440/3,Related,"Glioblastoma, primary, NOS",膠芽腫，原発性，NOS／膠芽腫，一次性，NOS,
9440/3,Synonym,Glioblastoma multiforme,多形性膠芽腫（Ｃ71._）,
9440/3,Synonym,Spongioblastoma multiforme,多形性海綿芽腫（Ｃ71._）,
9440/3,Related,"Diffuse midline glioma, NOS",,
9440/3,Related,Diffuse intrinsic pontine glioma,,
9441/3,Preferred,Giant cell glioblastoma,巨細胞膠芽腫（Ｃ71._）,
9441/3,Synonym,Monstrocellular sarcoma,怪奇細胞性肉腫（Ｃ71._）[obs] ※3,1
9442/1,Preferred,Gliofibroma,膠芽線維腫（Ｃ71._） ※2,
9442/3,Preferred,Gliosarcoma,神経膠肉腫（Ｃ71._）,
9442/3,Synonym,Glioblastoma with sarcomatous component,肉腫性成分を伴う膠芽腫（Ｃ71._）,
9444/1,Preferred,Chordoid glioma,脈絡そうグリオーマ（Ｃ71._） ※1,
9444/1,Related,Chordoid glioma of third ventricle,第３脳室脈絡そうグリオーマ（Ｃ71.5）,
9445/3,Preferred,"Glioblastoma, IDH-mutant",膠芽腫，IDH変異,
9445/3,Synonym,"Glioblastoma, secondary, IDH-mutant",膠芽腫，続発性，IDH変異／膠芽腫，二次性，IDH変異,
9445/3,Related,"Glioblastoma, secondary, NOS",膠芽腫，続発性，NOS／膠芽腫，二次性，NOS,
9450/3,Preferred,"Oligodendroglioma, NOS",希突起膠腫，ＮＯＳ（Ｃ71._）,
9450/3,Related,"Oligodendroglioma, IDH-mutant and 1p/19q-codeleted",乏突起膠腫，IDH変異および1p/19q共欠失,
9451/3,Preferred,"Oligodendroglioma, anaplastic, NOS",,
9451/3,Related,"Oligodendroglioma, anaplastic, IDH-mutant and 1p/19q codeleted",退形成性乏突起膠腫，IDH変異および1p/19q共欠失,
9460/3,Preferred,Oligodendroblastoma,,1
9470/3,Preferred,"Medulloblastoma, NOS",髄芽腫，ＮＯＳ（Ｃ71.6）,
9470/3,Related,Classic medulloblastoma,古典型髄芽腫,
9470/3,Related,Melanotic medulloblastoma,黒色髄芽腫（Ｃ71.6）,
9471/3,Preferred,Desmoplastic nodular medulloblastoma,線維形成性結節性髄芽腫（Ｃ71.6）,
9471/3,Synonym,Circumscribed arachnoidal cerebellar sarcoma,,1
9471/3,Synonym,"Desmoplastic medulloblastoma, NOS",,
9471/3,Related,Medulloblastoma with extensive nodularity,高度結節性髄芽腫★,
9471/3,Related,"Medulloblastoma, SHH-activated and TP53-wildtype",髄芽腫，SHH活性化およびTP53野生型,
9471/3,Related,"Medulloblastoma, SHH activated, NOS",髄芽腫，SHH活性化，NOS,
9472/3,Preferred,Medullomyoblastoma,髄筋芽腫（Ｃ71.6）,1
9473/3,Preferred,"CNS embryonal tumor, NOS",中枢神経系胎児性腫瘍，NOS,
9473/3,Synonym,"Primitive neuroectodermal tumor, NOS",原始神経外胚葉腫瘍，ＮＯＳ,
9473/3,Synonym,"PNET, NOS",ＰＮＥＴ，ＮＯＳ ※2,
9473/3,Related,Central primitive neuroectodermal tumor,,
9473/3,Synonym,CPNET,※2,
9473/3,Related,Supratentorial PNET,テント上ＰＮＥＴ（Ｃ71._） ※2,
9474/3,Preferred,Large cell medulloblastoma,大細胞髄芽腫（Ｃ71.6） ※1,
9474/3,Related,Anaplastic medulloblastoma,退形成性髄芽腫★,
9475/3,Preferred,"Medulloblastoma, WNT-activated, NOS",髄芽腫，WNT活性化，NOS,
9475/3,Related,"Medulloblastoma, WNT-activated, classic",髄芽腫， WNT活性化，古典型,
9475/3,Related,"Medulloblastoma, WNT-activated, large cell type",髄芽腫， WNT活性化，大細胞型,
9475/3,Related,"Medulloblastoma, WNT-activated, anaplastic type",髄芽腫， WNT活性化，退形成型,
9476/3,Preferred,"Medulloblastoma, SHH-activated and TP53-mutant",髄芽腫，SHH活性化およびTP53変異,
9477/3,Preferred,"Medulloblastoma, non-WNT/non-SHH",,
9477/3,Related,"Medulloblastoma, group 3",髄芽腫，グループ3,
9477/3,Related,"Medulloblastoma, group 4",髄芽腫 ，グループ4,
9478/3,Preferred,Embryonal tumor with multilayered rosettes with C19MC alteration,多層ロゼット性胎児性腫瘍，C19MC異状／多層ロゼット性胎児性腫瘍，C19MC異常,
9478/3,Related,"Embryonal tumor with multilayered rosettes, NOS",多層ロゼット性胎児性腫瘍，NOS,
9480/3,Preferred,"Cerebellar sarcoma, NOS",,1
949-952,2,Neuroepitheliomatous neoplasms,神経上皮腫性新生物,
9490/0,Preferred,Ganglioneuroma,神経節神経腫,
9490/3,Preferred,Ganglioneuroblastoma,神経節神経芽腫,
9490/3,Related,CNS ganglioneuroblastoma,,
9491/0,Preferred,Ganglioneuromatosis,神経節神経腫症,
9492/0,Preferred,"Gangliocytoma, NOS",,
9493/0,Preferred,Dysplastic gangliocytoma of cerebellum (Lhermitte-Duclos),小脳異形成性神経節細胞腫（レルミット・,
9500/3,Preferred,"Neuroblastoma, NOS",神経芽腫，ＮＯＳ,
9500/3,Synonym,Central neuroblastoma,中枢神経芽腫（Ｃ71._） ※2,
9500/3,Synonym,CNS neuroblastoma,,
9500/3,Synonym,Sympathicoblastoma,交感神経芽腫,1
9501/0,Preferred,"Medulloepithelioma, benign",髄上皮腫，良性（Ｃ69.4）,
9501/0,Synonym,"Diktyoma, benign",網膜上皮腫，良性（Ｃ69._） ※2,
9501/3,Preferred,"Medulloepithelioma, NOS",髄上皮腫，ＮＯＳ,
9501/3,Synonym,"Diktyoma, malignant",網膜上皮腫，悪性（Ｃ69._） ※2,
9502/0,Preferred,"Teratoid medulloepithelioma, benign",奇形腫様髄上皮腫，良性（Ｃ69.4）,
9502/3,Preferred,"Teratoid medulloepithelioma, NOS",,
9503/3,Preferred,"Neuroepithelioma, NOS",神経上皮腫，ＮＯＳ,
9504/3,Preferred,Spongioneuroblastoma,海綿神経芽腫,
9505/1,Preferred,"Ganglioglioma, NOS",神経節膠腫，ＮＯＳ,
9505/1,Synonym,Glioneuroma,,1
9505/1,Synonym,Neuroastrocytoma,,1
9505/3,Preferred,"Ganglioglioma, anaplastic",神経節膠腫，退形成性 ※2,
9506/1,Preferred,Central neurocytoma,中枢神経細胞腫 ※2,
9506/1,Synonym,"Neurocytoma, NOS",,
9506/1,Related,Cerebellar liponeurocytoma,小脳脂肪神経細胞腫（Ｃ71.6） ※2,
9506/1,Synonym,Lipomatous medulloblastoma,脂肪腫様髄芽腫（Ｃ71.6） ※2,
9506/1,Synonym,Medullocytoma,髄芽細胞腫（Ｃ71.6） ※2,
9506/1,Synonym,Neurolipocytoma,神経脂肪腫（Ｃ71.6） ※2,
9506/1,Related,Extraventricular neurocytoma,脳室外神経細胞腫★,
9507/0,Preferred,Pacinian tumor,パチニ体腫瘍,
9508/3,Preferred,Atypical teratoid/rhabdoid tumor,異型奇形腫瘍／ラブドイド腫瘍（Ｃ71._）,
9508/3,Related,CNS embryonal tumor with rhabdoid features,ラブドイド型中枢神経系胎児性腫瘍,
9509/1,Preferred,Papillary glioneuronal tumor,乳頭状グリア神経細胞腫瘍★,
9509/1,Related,Rosette-forming glioneuronal tumor,ロゼット形成性グリア神経細胞腫瘍★,
9510/0,Preferred,Retinocytoma,網膜細胞腫（Ｃ69.2） ※2,
9510/3,Preferred,"Retinoblastoma, NOS",網膜芽腫，ＮＯＳ（Ｃ69.2）,
9511/3,Preferred,"Retinoblastoma, differentiated",網膜芽腫，分化型（Ｃ69.2）,
9512/3,Preferred,"Retinoblastoma, undifferentiated",網膜芽腫，未分化型（Ｃ69.2）,
9513/3,Preferred,"Retinoblastoma, diffuse",網膜芽腫，びまん性（Ｃ69.2） ※1,
9514/1,Preferred,"Retinoblastoma, spontaneously regressed",網膜芽腫，自然消退性（Ｃ69.2） ※1,
9520/3,Preferred,Olfactory neurogenic tumor,嗅神経原腫瘍,
9521/3,Preferred,Olfactory neurocytoma,嗅神経細胞腫（Ｃ30.0） ※2,
9521/3,Synonym,Esthesioneurocytoma,感覚神経細胞腫（Ｃ30.0）,
9522/3,Preferred,Olfactory neuroblastoma,嗅神経芽腫（Ｃ30.0）,
9522/3,Synonym,Esthesioneuroblastoma,感覚神経芽腫（Ｃ30.0）,
9523/3,Preferred,Olfactory neuroepithelioma,嗅神経上皮腫（Ｃ30.0）,
9523/3,Synonym,Esthesioneuroepithelioma,感覚神経上皮腫（Ｃ30.0）,
953,2,Meningiomas,髄膜腫（Ｃ70._）,
9530/0,Preferred,"Meningioma, NOS",髄膜腫，ＮＯＳ,
9530/0,Related,Lymphoplasmacyte-rich meningioma,高リンパ形質細胞性髄膜腫 ※2,
9530/0,Related,Metaplastic meningioma,化生性髄膜腫 ※2,
9530/0,Related,Microcystic meningioma,小細胞性髄膜腫 ※2,
9530/0,Related,Secretory meningioma,分泌性髄膜腫 ※2,
9530/3,Preferred,"Meningioma, malignant",髄膜腫，悪性,
9530/3,Synonym,Leptomeningeal sarcoma,脳軟膜肉腫,
9530/3,Synonym,Meningeal sarcoma,髄膜肉腫,
9530/3,Synonym,"Meningioma, anaplastic",髄膜腫，未分化型 ※2,
9530/3,Synonym,Meningothelial sarcoma,髄膜肉腫,
9531/0,Preferred,Meningothelial meningioma,髄膜性髄膜腫,
9531/0,Synonym,Endotheliomatous meningioma,血管内皮腫様髄膜腫,
9531/0,Synonym,Syncytial meningioma,合胞性髄膜腫,
9532/0,Preferred,Fibrous meningioma,線維性髄膜腫,
9532/0,Synonym,Fibroblastic meningioma,線維芽細胞性髄膜腫,
9533/0,Preferred,Psammomatous meningioma,砂粒腫性髄膜腫,
9534/0,Preferred,Angiomatous meningioma,血管腫性髄膜腫,
9535/0,Preferred,Hemangioblastic meningioma,,1
9535/0,Synonym,Angioblastic meningioma,,1
9537/0,Preferred,Transitional meningioma,移行型髄膜腫,
9537/0,Synonym,Mixed meningioma,混合髄膜腫,
9538/1,Preferred,Clear cell meningioma,明細胞髄膜腫 ※2,
9538/1,Related,Chordoid meningioma,脊索様髄膜腫 ※2,
9538/3,Preferred,Papillary meningioma,乳頭状髄膜腫 ※6,
9538/3,Related,Rhabdoid meningioma,ラブドイド髄膜腫 ※2,
9539/1,Preferred,Atypical meningioma,異型髄膜腫 ※2,
9539/3,Preferred,Meningeal sarcomatosis,髄膜肉腫症,
954-957,2,Nerve sheath tumors,神経鞘性腫瘍,
9540/0,Preferred,"Neurofibroma, NOS",神経線維腫，ＮＯＳ,
9540/3,Preferred,"Malignant peripheral nerve sheath tumor, NOS",,
9540/3,Synonym,"MPNST, NOS",ＭＰＮＳＴ，ＮＯＳ ※2,
9540/3,Synonym,Neurofibrosarcoma,,1
9540/3,Synonym,Neurogenic sarcoma,,1
9540/3,Synonym,Neurosarcoma,,1
9540/3,Related,Melanotic MPNST,メラニン性ＭＰＮＳＴ ※2,
9540/3,Related,Melanotic psammomatous MPNST,メラニン性砂粒腫状ＭＰＮＳＴ ※2,
9540/3,Related,MPNST with glandular differentiation,腺分化を伴うＭＰＮＳＴ ※2,
9540/3,Related,MPNST with mesenchymal differentiation,間葉分化を伴うＭＰＮＳＴ ※2,
9540/3,Related,MPNST with perineurial differentiation,,
9541/0,Preferred,Melanotic neurofibroma,黒色性神経線維腫,
9542/3,Preferred,"Malignant peripheral nerve sheath tumor, epithelioid",類上皮型悪性末梢神経鞘腫瘍,
9542/3,Synonym,Epithelioid MPNST,類上皮型悪性末梢神経鞘腫瘍,
9550/0,Preferred,Plexiform neurofibroma,そう状神経線維腫,
9550/0,Synonym,Plexiform neuroma,そう状神経腫,
9560/0,Preferred,"Schwannoma, NOS",シュワン鞘腫，ＮＯＳ,
9560/0,Synonym,"Neurilemoma, NOS",神経鞘腫，ＮＯＳ,
9560/0,Synonym,Neurinoma,神経鞘腫,
9560/0,Related,Acoustic neuroma,聴神経腫（Ｃ72.4）,
9560/0,Related,Ancient schwannoma,陳旧性 シュワン腫 ※2,
9560/0,Related,Cellular schwannoma,富細胞性シュワン腫 ※2,
9560/0,Related,Degenerated schwannoma,変性シュワン腫 ※2,
9560/0,Related,Plexiform schwannoma,つる状シュワン腫 ※2,
9560/0,Related,Psammomatous schwannoma,砂粒腫性シュワン腫 ※2,
9560/1,Preferred,Melanotic schwannoma,黒色神経鞘腫,
9560/1,Synonym,Pigmented schwannoma,色素性神経鞘腫,
9560/3,Preferred,"Neurilemoma, malignant",,1
9560/3,Synonym,"Malignant schwannoma, NOS",,1
9560/3,Synonym,Neurilemosarcoma,,1
9561/3,Preferred,Malignant peripheral nerve sheath tumor with rhabdomyoblastic differentiation,横紋筋芽細胞分化を伴う悪性末梢神経鞘腫瘍 ※2,
9561/3,Synonym,Malignant schwannoma with rhabdomyoblastic differentiation,横紋筋芽細胞分化を伴う悪性シュワン腫,
9561/3,Synonym,MPNST with rhabdomyoblastic differentiation,横紋筋芽細胞分化を伴うＭＰＮＳＴ,
9561/3,Synonym,"Triton tumor, malignant",トライトン腫瘍，悪性,
9562/0,Preferred,Nerve sheath myxoma,神経鞘粘液腫,
9562/0,Synonym,Neurothekeoma,神経鞘粘液腫,
9562/0,Related,Cellular neurothekeoma,,
9563/0,Preferred,"Nerve sheath tumor, NOS",,
9563/0,Related,Hybrid nerve sheath tumor,,
9570/0,Preferred,"Neuroma, NOS",神経腫，ＮＯＳ,
9570/0,Related,Solitary circumscribed neuroma,,
9571/0,Preferred,"Perineurioma, NOS",神経周膜腫，ＮＯＳ ※1,
9571/0,Related,Intraneural perineurioma,神経内神経周膜腫 ※1,
9571/0,Related,Soft tissue perineurioma,軟部組織神経周膜腫 ※1,
9571/3,Preferred,"Perineurioma, malignant",神経周膜腫，悪性 ※1,
958,2,Granular cell tumors and alveolar soft part sarcomas,顆粒細胞性腫瘍及び胞巣状軟部肉腫,
9580/0,Preferred,"Granular cell tumor, NOS",顆粒細胞腫，ＮＯＳ,
9580/0,Synonym,"Granular cell myoblastoma, NOS",顆粒細胞筋芽腫，ＮＯＳ,1
9580/3,Preferred,"Granular cell tumor, malignant",顆粒細胞腫，悪性,
9580/3,Synonym,"Granular cell myoblastoma, malignant",顆粒細胞筋芽腫，悪性,1
9581/3,Preferred,Alveolar soft part sarcoma,胞巣状軟部肉腫,
9582/0,Preferred,Granular cell tumor of sellar region,,
959-972,2,Hodgkin and non-Hodgkin lymphomas,ホジキン及び非ホジキンリンパ腫,
959,3,"Malignant lymphomas, NOS or diffuse",悪性リンパ腫，ＮＯＳ又はびまん性,
9590/3,Preferred,"Malignant lymphoma, NOS",悪性リンパ腫，ＮＯＳ,
9590/3,Synonym,"Lymphoma, NOS",リンパ腫，ＮＯＳ,
9590/3,Synonym,Microglioma,,1
9591/1,Preferred,"Monoclonal B-cell lymphocytosis, NOS",単クローン性B細胞リンパ球増加症，NOS,
9591/1,Related,"Monoclonal B-cell lymphocytosis, non-CLL type",単クローン性B細胞リンパ球増加症，非CLL型,
9591/3,Preferred,"Malignant lymphoma, non-Hodgkin, NOS",悪性リンパ腫，非ホジキン，ＮＯＳ,
9591/3,Synonym,"Non-Hodgkin lymphoma, NOS",非ホジキンリンパ腫，ＮＯＳ,
9591/3,Related,"B-cell lymphoma, NOS",Ｂ細胞リンパ腫，ＮＯＳ ※2,
9591/3,Related,"Lymphosarcoma, NOS",,1
9591/3,Synonym,"Lymphosarcoma, diffuse",,1
9591/3,Related,"Malignant lymphoma, diffuse, NOS",悪性リンパ腫，びまん性，ＮＯＳ ※3,
9591/3,Related,"Malignant lymphoma, non-cleaved cell, NOS",悪性リンパ腫，非切れ込み核型細胞，ＮＯＳ,
9591/3,Related,"Reticulum cell sarcoma, NOS",,1
9591/3,Synonym,"Reticulosarcoma, NOS",,1
9591/3,Synonym,"Reticulum cell sarcoma, diffuse",,1
9591/3,Synonym,"Reticulosarcoma, diffuse",,1
9591/3,Related,Hairy cell leukemia variant,有毛細胞白血病亜型★,
9591/3,Related,"Malignant lymphoma, lymphocytic, intermediate differentiation, nodular",悪性リンパ腫，リンパ球性，中程度分化，結節性[obs] ※3,1
9591/3,Related,"Malignant lymphoma, lymphocytic, poorly differentiated, diffuse",,1
9591/3,Synonym,"Malignant lymphoma, cleaved cell, NOS",,1
9591/3,Synonym,"Malignant lymphoma, small cleaved cell, NOS",,1
9591/3,Related,"Malignant lymphoma, small cell, noncleaved, diffuse",,1
9591/3,Synonym,"Malignant lymphoma, undifferentiated cell type, NOS",悪性リンパ腫，未分化細胞型，ＮＯＳ[obs] ※3,1
9591/3,Synonym,"Malignant lymphoma, undifferentiated cell, non-Burkitt",悪性リンパ腫，未分化細胞型，非バーキット[obs] ※3,1
9591/3,Related,"Malignant lymphoma, small cleaved cell, diffuse",,1
9591/3,Related,"Splenic B-cell lymphoma/leukemia, unclassifiable",脾Ｂ細胞リンパ腫／白血病，ＮＯＳ★,
9591/3,Related,Splenic diffuse red pulp small B-cell lymphoma,脾びまん性赤脾髄小Ｂ細胞リンパ腫★,
9596/3,Preferred,Composite Hodgkin and non-Hodgkin lymphoma,複合ホジキン及び非ホジキンリンパ腫,
9596/3,Related,"B-cell lymphoma, unclassifiable, with features intermediate between diffuse large B-cell lymphoma and classical Hodgkin lymphoma",分類不能型Ｂ細胞リンパ腫，びまん性大細胞型Ｂ細胞リンパ腫と古典的ホジキンリンパ腫との中間型★,
9597/3,Preferred,Primary cutaneous follicle center lymphoma,,
965-966,3,Hodgkin lymphomas,ンリンパ腫,
9650/3,Preferred,"Hodgkin lymphoma, NOS",ホジキンリンパ腫，ＮＯＳ,
9650/3,Synonym,"Hodgkin disease, NOS",ホジキン病，ＮＯＳ,
9650/3,Synonym,"Malignant lymphoma, Hodgkin",悪性リンパ腫，ホジキン,
9650/3,Related,Classical Hodgkin lymphoma post-transplant lymphoproliferative disease,,
9651/3,Preferred,"Hodgkin lymphoma, lymphocyte-rich",ホジキンリンパ腫，高リンパ球型 ※1,
9651/3,Synonym,"Classical Hodgkin lymphoma, lymphocyte-rich",古典的ホジキンリンパ腫，高リンパ球型 ※1,
9651/3,Related,"Hodgkin disease, lymphocyte predominance, NOS",,1
9651/3,Synonym,"Hodgkin disease, lymphocyte predominance, diffuse",,1
9651/3,Synonym,"Hodgkin disease, lymphocytic-histiocytic predominance",,1
9652/3,Preferred,"Hodgkin lymphoma, mixed cellularity, NOS",ホジキンリンパ腫，混合細胞型，ＮＯＳ,
9652/3,Synonym,"Classical Hodgkin lymphoma, mixed cellularity, NOS",古典的ホジキンリンパ腫，混合細胞型，ＮＯＳ ※2,
9653/3,Preferred,"Hodgkin lymphoma, lymphocyte depletion, NOS",ホジキンリンパ腫，リンパ球減少型，ＮＯＳ,
9653/3,Synonym,"Classical Hodgkin lymphoma, lymphocyte depletion, NOS",古典的ホジキンリンパ腫，リンパ球減少型，ＮＯＳ ※2,
9654/3,Preferred,"Hodgkin lymphoma, lymphocyte depletion, diffuse fibrosis",ホジキンリンパ腫，リンパ球減少型，びまん性線維症性,
9654/3,Synonym,"Classical Hodgkin lymphoma, lymphocyte depletion, diffuse fibrosis",古典的ホジキンリンパ腫，リンパ球減少型，びまん性線維症性 ※2,1
9655/3,Preferred,"Hodgkin lymphoma, lymphocyte depletion, reticular",ホジキンリンパ腫，リンパ球減少型，細網型,1
9655/3,Synonym,"Classical Hodgkin lymphoma, lymphocyte depletion, reticular",古典的ホジキンリンパ腫，リンパ球減少型，細網型 ※2,1
9659/3,Preferred,"Hodgkin lymphoma, nodular lymphocyte predominant",結節性リンパ球優位型ホジキンリンパ腫／結節性リンパ球優勢型ホジキンリンパ腫,
9659/3,Synonym,"Hodgkin paragranuloma, NOS",,1
9659/3,Synonym,"Hodgkin paragranuloma, nodular",ホジキン傍肉芽腫，結節性[obs],1
9661/3,Preferred,Hodgkin granuloma,,1
9662/3,Preferred,Hodgkin sarcoma,,1
9663/3,Preferred,"Hodgkin lymphoma, nodular sclerosis, NOS",ホジキンリンパ腫，結節硬化型，ＮＯＳ,
9663/3,Synonym,"Classical Hodgkin lymphoma, nodular sclerosis, NOS",古典的ホジキンリンパ腫，結節硬化型，ＮＯＳ ※2,
9663/3,Synonym,"Hodgkin disease, nodular sclerosis, NOS",,
9664/3,Preferred,"Hodgkin lymphoma, nodular sclerosis, cellular phase",ホジキンリンパ腫，結節硬化型，細胞期,
9664/3,Synonym,"Classical Hodgkin lymphoma, nodular sclerosis, cellular phase",古典的ホジキンリンパ腫，結節硬化型，細胞期 ※2,1
9665/3,Preferred,"Hodgkin lymphoma, nodular sclerosis, grade 1",ホジキンリンパ腫，結節硬化型，悪性度１ ※2,
9665/3,Synonym,"Classical Hodgkin lymphoma, nodular sclerosis, grade 1",古典的ホジキンリンパ腫，結節硬化型，悪性度１ ※2,
9665/3,Synonym,"Hodgkin disease, nodular sclerosis, lymphocyte predominance",ホジキン病，結節硬化型，リンパ球優勢型,
9665/3,Synonym,"Hodgkin disease, nodular sclerosis, mixed cellularity",ホジキン病，結節硬化型，混合細胞型 ※3,
9667/3,Preferred,"Hodgkin lymphoma, nodular sclerosis, grade 2",ホジキンリンパ腫，結節硬化型，悪性度２ ※2,
9667/3,Synonym,"Classical Hodgkin lymphoma, nodular sclerosis, grade 2",古典的ホジキンリンパ腫，結節硬化型，悪性度２ ※2,
9667/3,Synonym,"Hodgkin disease, nodular sclerosis, lymphocyte depletion",ホジキン病，結節硬化型，リンパ球減少型,
9667/3,Synonym,"Hodgkin disease, nodular sclerosis, syncytial variant",,
967-972,3,Non-hodgkin lymphomas,非ホジキンリンパ腫,
967-969,3,Mature B-cell lymphomas,成熟Ｂ細胞リンパ腫,
9671/3,Preferred,Lymphoplasmacytic lymphoma,リンパ形質細胞性リンパ腫 ▼1,
9671/3,Synonym,"Malignant lymphoma, lymphoplasmacytoid",悪性リンパ腫，リンパ球性形質細胞様,
9671/3,Related,Immunocytoma,,1
9671/3,Related,"Malignant lymphoma, plasmacytoid",,1
9671/3,Related,Plasmacytic lymphoma,,1
9673/1,Preferred,In situ mantle cell neoplasia,マントル帯限局型マントル細胞腫瘍症,
9673/1,Synonym,In situ mantle cell lymphoma,マントル帯限局型マントル細胞リンパ腫,
9673/3,Preferred,Mantle cell lymphoma,マントル細胞リンパ腫 ※2,
9673/3,Synonym,"Malignant lymphoma, centrocytic",悪性リンパ腫，中心細胞性[obs],1
9673/3,Synonym,"Malignant lymphoma, lymphocytic, intermediate differentiation, diffuse",悪性リンパ腫，リンパ球性，中程度分化，びまん性[obs],1
9673/3,Synonym,Malignant lymphomatous polyposis,悪性リンパ腫性ポリポーシス ※3,
9673/3,Synonym,Mantle zone lymphoma,,1
9675/3,Preferred,"Malignant lymphoma, mixed small and large cell, diffuse",,1
9675/3,Synonym,"Malignant lymphoma, centroblastic-centrocytic, NOS",,1
9675/3,Synonym,"Malignant lymphoma, centroblastic-centrocytic, diffuse",,1
9675/3,Synonym,"Malignant lymphoma, mixed cell type, diffuse",,1
9675/3,Synonym,"Malignant lymphoma, mixed lymphocytic-histiocytic, diffuse",悪性リンパ腫，リンパ球・組織球混合型，びまん性[obs],1
9678/3,Preferred,Primary effusion lymphoma,原発性滲出性リンパ腫 ※1,
9679/3,Preferred,Mediastinal large B-cell lymphoma,縦隔（胸腺）大細胞性Ｂ細胞リンパ腫※1,
9679/3,Synonym,Thymic large B-cell lymphoma,胸腺大細胞性Ｂ細胞リンパ腫,
9680/1,Preferred,EBV positive mucocutaneous ulcer,EBV陽性粘膜皮膚潰瘍,
9680/3,Preferred,"Diffuse large B-cell lymphoma, NOS",びまん性大細胞性Ｂ細胞リンパ腫，Ｎ,
9680/3,Synonym,"Malignant lymphoma, large B-cell, diffuse, NOS",悪性リンパ腫，大細胞性Ｂ細胞型，びまん性，ＮＯＳ,
9680/3,Synonym,"Malignant lymphoma, histiocytic, NOS",,1
9680/3,Synonym,"Malignant lymphoma, large B-cell, NOS",悪性リンパ腫，大細胞性Ｂ細胞型，ＮＯＳ,
9680/3,Synonym,"Malignant lymphoma, large B-cell, diffuse, centroblastic, NOS",悪性リンパ腫，大細胞性Ｂ細胞型，びまん性，胚中心芽球型，ＮＯＳ,1
9680/3,Synonym,"Malignant lymphoma, large cell, NOS",悪性リンパ腫，大細胞型，ＮＯＳ,
9680/3,Synonym,"Malignant lymphoma, large cell, cleaved, NOS",,1
9680/3,Synonym,"Malignant lymphoma, large cell, diffuse, NOS",悪性リンパ腫，大細胞型，びまん性，ＮＯＳ,1
9680/3,Synonym,"Malignant lymphoma, large cell, noncleaved, NOS",悪性リンパ腫，大細胞型，非切れ込み核型，ＮＯＳ ※3,1
9680/3,Synonym,"Malignant lymphoma, noncleaved, NOS",悪性リンパ腫，非切れ込み核型，ＮＯＳ ※3,1
9680/3,Synonym,"Malignant lymphoma, noncleaved, diffuse, NOS",,1
9680/3,Synonym,"Malignant lymphoma, histiocytic, diffuse",悪性リンパ腫，組織球型，びまん性,1
9680/3,Synonym,"Malignant lymphoma, large cell, cleaved and noncleaved",,1
9680/3,Synonym,"Malignant lymphoma, large cell, cleaved, diffuse",悪性リンパ腫，大細胞型，切れ込み核型，びまん性 ※3,1
9680/3,Synonym,"Malignant lymphoma, large cell, noncleaved, diffuse",悪性リンパ腫，大細胞型，非切れ込み核型，びまん性 ※3,
9680/3,Related,"Malignant lymphoma, centroblastic, NOS",悪性リンパ腫，胚中心芽球型，ＮＯＳ,1
9680/3,Related,"Diffuse large B-cell lymphoma, germinal center B-cell subtype",,
9680/3,Related,"Diffuse large B-cell lymphoma, activated B-cell subtype",びまん性大細胞型B細胞リンパ腫，活性化B細胞型／びまん性大細胞性B細胞リンパ腫，活性化B細胞型,
9680/3,Related,"Malignant lymphoma, centroblastic, diffuse",悪性リンパ腫，胚中心芽球型，びまん性,1
9680/3,Related,Anaplastic large B-cell lymphoma,未分化大細胞性Ｂ細胞型リンパ腫,
9680/3,Related,"B-cell lymphoma, unclassifiable, with features intermediate between diffuse large B-cell lymphoma and Burkitt lymphoma",分類不能型Ｂ細胞リンパ腫，びまん性大細胞型B細胞リンパ腫とバーキットリンパ腫との中間型★,
9680/3,Related,Diffuse large B-cell lymphoma associated with chronic inflammation,慢性炎症に伴うびまん性大細胞型B細胞リンパ腫★,
9680/3,Related,EBV positive diffuse large B-cell lymphoma,,
9680/3,Related,"Primary cutaneous diffuse large B-cell lymphoma, leg type",,
9680/3,Related,Primary diffuse large B-cell lymphoma of CNS,,
9680/3,Related,"High grade B-cell lymphoma, NOS",,
9680/3,Related,High grade B-cell lymphoma with MYC and BCL2 and/or BCL6 rearrangements,,
9680/3,Related,Vitreoretinal lymphoma,硝子体網膜リンパ腫,
9684/3,Preferred,"Malignant lymphoma, large B-cell, diffuse, immunoblastic, NOS",悪性リンパ腫，大細胞性Ｂ細胞型，びまん性，免疫芽球型，ＮＯＳ ※2,
9684/3,Synonym,"Malignant lymphoma, immunoblastic, NOS",悪性リンパ腫，免疫芽球型，ＮＯＳ,
9684/3,Synonym,Immunoblastic sarcoma,,1
9684/3,Synonym,"Malignant lymphoma, large cell, immunoblastic",悪性リンパ腫，大細胞型，免疫芽球型,
9687/3,Preferred,"Burkitt lymphoma, NOS",,
9687/3,Synonym,Burkitt tumor,,1
9687/3,Synonym,"Malignant lymphoma, small noncleaved, Burkitt type",,1
9687/3,Synonym,"Malignant lymphoma, undifferentiated, Burkitt type",,1
9687/3,Related,"Burkitt-like lymphoma, NOS",,
9687/3,Related,Burkitt-like lymphoma with 11q aberration,11q異常を伴うバーキット様リンパ腫,
9687/3,Synonym,Burkitt cell leukemia,バーキット細胞白血病,
9687/3,Synonym,"Acute leukemia, Burkitt type",急性白血病，バーキット型,1
9687/3,Synonym,"Acute lymphoblastic leukemia, mature B-cell type",急性リンパ芽球性白血病，成熟B細胞型,
9687/3,Synonym,B-ALL,B細胞性急性リンパ性白血病，B-ALL,1
9687/3,Synonym,FAB L3,FAB L3,1
9688/3,Preferred,T-cell/histiocyte rich large B-cell lymphoma,,
9688/3,Synonym,T-cell rich large B-cell lymphoma,T細胞豊富型大細胞型B細胞リンパ腫,
9688/3,Synonym,Histiocyte-rich large B-cell lymphoma,組織球豊富型大細胞型B細胞リンパ腫,
9689/3,Preferred,Splenic marginal zone B-cell lymphoma,,
9689/3,Synonym,"Splenic marginal zone lymphoma, NOS",脾性辺縁層リンパ腫，ＮＯＳ（Ｃ42.2）,
9689/3,Synonym,Splenic lymphoma with villous lymphocytes,絨毛リンパ球を伴う脾性リンパ腫（Ｃ※1,
9690/3,Preferred,"Follicular lymphoma, NOS",ろ胞性リンパ腫，ＮＯＳ（Ｍ-9675／3も参照） ※2,
9690/3,Synonym,"Malignant lymphoma, follicle center, NOS",悪性リンパ腫，ろ胞中心，ＮＯＳ,1
9690/3,Synonym,"Malignant lymphoma, follicular, NOS",悪性リンパ腫，ろ胞性，ＮＯＳ,
9690/3,Synonym,"Malignant lymphoma, lymphocytic, nodular, NOS",,1
9690/3,Synonym,"Malignant lymphoma, nodular, NOS",悪性リンパ腫，結節性，ＮＯＳ[obs],1
9690/3,Synonym,"Malignant lymphoma, centroblastic-centrocytic, follicular",,1
9690/3,Synonym,"Malignant lymphoma, follicle center, follicular",悪性リンパ腫，ろ胞中心，ろ胞性,1
9690/3,Related,"Follicular lymphoma, pediatric type",小児型濾胞性リンパ腫,
9691/3,Preferred,"Follicular lymphoma, grade 2",ろ胞性リンパ腫，悪性度２ ※2,
9691/3,Synonym,"Malignant lymphoma, mixed cell type, follicular",,1
9691/3,Synonym,"Malignant lymphoma, mixed cell type, nodular",,1
9691/3,Synonym,"Malignant lymphoma, mixed lymphocytic-histiocytic, nodular",悪性リンパ腫，リンパ球・組織球混合型，結節性[obs],1
9691/3,Synonym,"Malignant lymphoma, mixed small cleaved and large cell, follicular",悪性リンパ腫，小切れ込み核細胞及び大細胞混合型，ろ胞性[obs],1
9695/1,Preferred,In situ follicular neoplasia,胚中心限局型濾胞性腫瘍症,
9695/1,Synonym,In situ follicular lymphoma,胚中心限局型濾胞性リンパ腫,
9695/3,Preferred,"Follicular lymphoma, grade 1",ろ胞性リンパ腫，悪性度１ ※2,
9695/3,Synonym,"Follicular lymphoma, small cleaved cell",悪性リンパ腫，小切れ込み核細胞型,1
9695/3,Synonym,"Malignant lymphoma, lymphocytic, poorly differentiated, nodular",,1
9695/3,Synonym,"Malignant lymphoma, small cleaved cell, follicular",,1
9695/3,Related,"Follicular lymphoma, duodenal type",濾胞性リンパ腫，十二指腸型,
9698/3,Preferred,"Follicular lymphoma, grade 3",ろ胞性リンパ腫，悪性度３ ※2,
9698/3,Synonym,"Malignant lymphoma, large cell, follicular, NOS",悪性リンパ腫，大細胞型，ろ胞性，ＮＯＳ,1
9698/3,Synonym,"Malignant lymphoma, noncleaved cell, follicular, NOS",,1
9698/3,Synonym,"Follicular lymphoma, grade 3A",濾胞性リンパ腫，悪性度3A★,
9698/3,Synonym,"Follicular lymphoma, grade 3B",濾胞性リンパ腫，悪性度3Ｂ★,
9698/3,Synonym,"Malignant lymphoma, centroblastic, follicular",悪性リンパ腫，胚中心芽球型，ろ胞性 ※3,1
9698/3,Synonym,"Malignant lymphoma, histiocytic, nodular",,1
9698/3,Synonym,"Malignant lymphoma, large cell, noncleaved, follicular",,1
9698/3,Synonym,"Malignant lymphoma, large cleaved cell, follicular",,1
9698/3,Synonym,"Malignant lymphoma, lymphocytic, well differentiated, nodular",,1
9698/3,Related,Large B-cell lymphoma with IRF4 rearrangement,IRF4再構成を伴う大細胞型B細胞リンパ腫,
9699/3,Preferred,"Marginal zone B-cell lymphoma, NOS",辺縁層Ｂ細胞リンパ腫，ＮＯＳ ※1,
9699/3,Synonym,"Marginal zone lymphoma, NOS",,
9699/3,Synonym,BALT lymphoma,ＢＡＬＴリンパ腫 ※1,
9699/3,Synonym,Bronchus-associated lymphoid tissue lymphoma,気道系リンパ組織リンパ腫／気管支関連リンパ組織リンパ腫,
9699/3,Synonym,MALT lymphoma,,
9699/3,Synonym,Monocytoid B-cell lymphoma,単球様Ｂ細胞リンパ腫 ※3,
9699/3,Synonym,Mucosa-associated lymphoid tissue lymphoma,粘膜関連リンパ組織リンパ腫,
9699/3,Synonym,Nodal marginal zone lymphoma,節内性辺縁層リンパ腫 ※1,
9699/3,Synonym,SALT lymphoma,ＳＡＬＴリンパ腫 ※1,
9699/3,Synonym,Skin-associated lymphoid tissue lymphoma,皮膚関連リンパ様組織リンパ腫,
9699/3,Related,Extranodal marginal zone lymphoma of mucosa-associated lymphoid tissue,節外性粘膜関連リンパ組織型辺縁帯リンパ腫★,
9699/3,Related,Primary choroidal lymphoma,原発性脈絡膜リンパ腫,
970-971,3,Mature T- and NK-cell lymphomas,成熟Ｔ及びＮＫ細胞リンパ腫,
9700/3,Preferred,Mycosis fungoides,菌状息肉症（Ｃ44._）,
9700/3,Synonym,Pagetoid reticulosis,パジェット病様細網症 ※2,
9700/3,Related,Granulomatous slack skin,,
9701/3,Preferred,Sezary syndrome,,
9701/3,Synonym,Sezary disease,,
9702/1,Preferred,Indolent T-cell lymphoproliferative disorder of gastrointestinal tract,,
9702/3,Preferred,"Mature T-cell lymphoma, NOS",成熟Ｔ細胞リンパ腫，ＮＯＳ ※2,
9702/3,Synonym,"Peripheral T-cell lymphoma, NOS",末梢性Ｔ細胞リンパ腫 NOS,
9702/3,Synonym,"T-cell lymphoma, NOS",Ｔ細胞リンパ腫，ＮＯＳ ※2,
9702/3,Synonym,"Peripheral T-cell lymphoma, large cell",末梢性Ｔ細胞リンパ腫，大細胞,
9702/3,Synonym,"Peripheral T-cell lymphoma, pleomorphic medium and large cell",末梢性Ｔ細胞リンパ腫，多形性中及び大細胞 ※3,
9702/3,Synonym,"Peripheral T-cell lymphoma, pleomorphic small cell",末梢性Ｔ細胞リンパ腫，多形性小細胞 ※3,
9702/3,Synonym,T-zone lymphoma,Ｔゾーンリンパ腫 ※3,
9702/3,Related,Lymphoepithelioid lymphoma,リンパ類上皮性リンパ腫 ※3,
9702/3,Synonym,Lennert lymphoma,レナートリンパ腫 ※3,
9702/3,Related,Follicular T-cell lymphoma,,
9702/3,Related,Nodal peripheral T-cell lymphoma with T follicular helper phenotype,,
9705/3,Preferred,Angioimmunoblastic T-cell lymphoma,血管性免疫芽球性Ｔ細胞リンパ腫,
9705/3,Synonym,Angioimmunoblastic lymphoma,,1
9705/3,Synonym,"Peripheral T-cell lymphoma, AILD (Angioimmunoblastic Lymphadenopathy with Dysproteinemia)",末梢性Ｔ細胞リンパ腫，ＡＩＬＤ（異常た,1
9708/3,Preferred,Subcutaneous panniculitis-like T-cell lymphoma,皮下脂肪組織炎様Ｔ細胞リンパ腫,
9709/1,Preferred,Primary cutaneous CD4 positive small/medium T-cell lymphoproliferative disorder,原発性皮膚CD4陽性小型／中型T細胞リンパ増殖異常症,
9709/1,Related,Primary cutaneous CD4 positive small/medium T-cell lymphoma,原発性皮膚CD4陽性小型／中型T細胞リンパ腫,1
9709/3,Preferred,"Cutaneous T-cell lymphoma, NOS",皮膚Ｔ細胞リンパ腫，ＮＯＳ（Ｃ44._）,
9709/3,Synonym,"Cutaneous lymphoma, NOS",皮膚リンパ腫，ＮＯＳ（Ｃ44._）[obs],1
9709/3,Related,Primary cutaneous CD8 positive aggressive epidermotropic cytotoxic T-cell lymphoma,原発性皮膚CD8陽性アグレッシブ表皮向性細胞傷害性Ｔ細胞リンパ腫★,
9709/3,Related,Primary cutaneous acral CD8 positive T-cell lymphoma,原発性皮膚末端型CD8陽性T細胞リンパ腫,
9712/3,Preferred,Intravascular large B-cell lymphoma,,
9712/3,Synonym,Intravascular B-cell lymphoma,血管内B細胞リンパ腫,
9712/3,Synonym,Angioendotheliomatosis,血管内皮細胞腫症,
9712/3,Synonym,Angiotropic lymphoma,血管中心性リンパ腫／血管親和性リンパ腫,
9714/3,Preferred,"Anaplastic large cell lymphoma, T-cell and Null-cell type",未分化大細胞リンパ腫，Ｔ細胞及びヌル細胞型 ※2,
9714/3,Synonym,Large cell (Ki-1 positive) lymphoma,,1
9714/3,Related,"Anaplastic large cell lymphoma, NOS",未分化大細胞リンパ腫，ＮＯＳ ※2,
9714/3,Synonym,"Anaplastic large cell lymphoma, CD30 positive",,
9714/3,Related,"Anaplastic large cell lymphoma, ALK positive",未分化大細胞リンパ腫，ALK陽性★,
9715/3,Preferred,"Anaplastic large cell lymphoma, ALK negative",未分化大細胞型リンパ腫，ALK陰性型,
9715/3,Related,Breast implant-associated anaplastic large cell lymphoma,乳房インプラント関連未分化大細胞型リンパ腫,
9716/3,Preferred,Hepatosplenic T-cell lymphoma,肝脾Ｔ細胞リンパ腫 ★,
9716/3,Synonym,Hepatosplenic gamma-delta cell lymphoma,,
9717/3,Preferred,Intestinal T-cell lymphoma,腸管Ｔ細胞リンパ腫 ※1,
9717/3,Synonym,Enteropathy-associated T-cell lymphoma,腸症関連Ｔ細胞リンパ腫 ※1,
9717/3,Synonym,Enteropathy type intestinal T-cell lymphoma,腸症型腸管Ｔ細胞リンパ腫 ※1,
9717/3,Related,Monomorphic epitheliotropic intestinal T-cell lymphoma,,
9718/1,Preferred,Primary cutaneous CD30 positive T-cell lymphoproliferative disorder,原発性皮膚ＣＤ30陽性Ｔ細胞リンパ増殖異常症（Ｃ44._） ▼1,
9718/1,Synonym,Lymphomatoid papulosis,リンパ腫様丘疹症,
9718/3,Preferred,Primary cutaneous anaplastic large cell lymphoma,原発性皮膚未分化大細胞リンパ腫（Ｃ※1,
9718/3,Synonym,Primary cutaneous CD30 positive large T-cell lymphoma,,
9719/3,Preferred,"NK/T-cell lymphoma, nasal and nasal type",ＮＫ／Ｔ細胞リンパ腫，鼻腔及び鼻腔型,
9719/3,Synonym,"Malignant reticulosis, NOS",,1
9719/3,Synonym,Angiocentric T-cell lymphoma,,1
9719/3,Synonym,"Extranodal NK/T-cell lymphoma, nasal type",節外性鼻型T細胞リンパ腫★,
9719/3,Synonym,Malignant midline reticulosis,,1
9719/3,Synonym,Polymorphic reticulosis,,1
9719/3,Synonym,T/NK-cell lymphoma,Ｔ／ＮＫ細胞リンパ腫 ※1,
972,3,Precursor cell lymphoblastic lymphomas,,
9724/3,Preferred,Systemic EBV positive T-cell lymphoproliferative disease of childhood,小児期全身性EBV陽性T細胞リンパ増殖異常症★,
9725/1,Preferred,Hydroa vacciniforme-like lymphoproliferative disorder,種痘様水疱症様リンパ増殖異常症,
9725/1,Synonym,Hydroa vacciniforme-like lymphoma,種痘様水疱症様リンパ腫／種痘様水疱症類似リンパ腫,
9726/3,Preferred,Primary cutaneous gamma-delta T-cell lymphoma,原発性皮膚ガンマ・デルタT細胞性リンパ腫★,
9727/3,Preferred,"Precursor cell lymphoblastic lymphoma, NOS",前駆細胞リンパ芽球性リンパ腫，ＮＯＳ（Ｍ-9835／3も参照） ※1,
9727/3,Synonym,"Malignant lymphoma, lymphoblastic, NOS",悪性リンパ腫，リンパ芽球性，ＮＯＳ（Ｍ-9821／3も参照） ※3,
9727/3,Synonym,Lymphoblastoma,,1
9727/3,Synonym,"Malignant lymphoma, convoluted cell",,1
9727/3,Related,Blastic NK-cell lymphoma,,1
9727/3,Related,Blastic plasmacytoid dendritic cell neoplasm,芽球性形質細胞様樹状細胞腫瘍★,
973,2,Plasma cell neoplasms,,
9731/3,Preferred,"Plasmacytoma, NOS",形質細胞腫，ＮＯＳ,
9731/3,Synonym,Plasma cell tumor,形質細胞腫瘍,
9731/3,Synonym,Plasmacytoma of bone,骨の形質細胞腫（Ｃ40._，Ｃ41._）,
9731/3,Synonym,Solitary myeloma,孤立性骨髄腫,
9731/3,Synonym,Solitary plasmacytoma,孤立性形質細胞腫,
9732/3,Preferred,Plasma cell myeloma,形質細胞性骨髄腫（Ｃ42.1）,
9732/3,Synonym,Multiple myeloma,多発性骨髄腫（Ｃ42.1）,
9732/3,Synonym,"Myeloma, NOS",骨髄腫，ＮＯＳ（Ｃ42.1）,
9732/3,Synonym,Myelomatosis,骨髄腫症（Ｃ42.1）,
9733/3,Preferred,Plasma cell leukemia,形質細胞性白血病（Ｃ42.1） ※3,
9733/3,Synonym,Plasmacytic leukemia,形質細胞性白血病（Ｃ42.1） ※3,
9734/3,Preferred,"Plasmacytoma, extramedullary",形質細胞腫，髄外（骨に起きていないもの） ※3,
9734/3,Synonym,Extraosseous plasmacytoma,骨外性形質細胞腫★,
9735/3,Preferred,Plasmablastic lymphoma,,
9737/3,Preferred,ALK positive large B-cell lymphoma,ALK陽性大細胞型B細胞リンパ腫★,
9738/3,Preferred,HHV8 positive diffuse large B-cell lymphoma,HHV8陽性びまん性大細胞型B細胞リンパ腫,
9738/3,Synonym,Large B-cell lymphoma arising in HHV8-associated multicentric Castleman disease,HHV8関連多中心性キャッスルマン病内発生大細胞型B細胞リンパ腫／HHV8関連キャッスルマン病に発生する大細胞型B細胞リンパ腫,
974,2,Mast cell neoplasms,,
9740/1,Preferred,"Mastocytoma, NOS",肥満細胞腫，ＮＯＳ,
9740/1,Synonym,"Mast cell tumor, NOS",肥満細胞腫瘍，ＮＯＳ,
9740/1,Related,"Cutaneous mastocytosis, NOS",,
9740/1,Related,Diffuse cutaneous mastocytosis,びまん性皮膚肥満細胞症★,
9740/1,Related,Extracutaneous mastocytoma,皮膚外肥満細胞腫,
9740/1,Related,Solitary mastocytoma of skin,皮膚の孤立性肥満細胞腫　／皮膚孤在性肥満細胞腫,
9740/1,Related,Urticaria pigmentosa,色素性じんま疹★,
9740/3,Preferred,Mast cell sarcoma,肥満細胞肉腫,
9740/3,Synonym,Malignant mast cell tumor,悪性肥満細胞腫瘍,
9740/3,Synonym,Malignant mastocytoma,悪性肥満細胞腫,
9741/1,Preferred,Indolent systemic mastocytosis,無症候性全身性肥満細胞症★,
9741/3,Preferred,Malignant mastocytosis,悪性肥満細胞症,
9741/3,Synonym,Systemic tissue mast cell disease,全身性肥満細胞症,
9741/3,Related,Aggressive systemic mastocytosis,アグレッシブ全身性肥満細胞症★,
9741/3,Related,Systemic mastocytosis with AHNMD,AHNMDを伴う全身性肥満細胞症★,
9741/3,Related,Systemic mastocytosis with associated hematological clonal non-mast cell disorder,肥満細胞以外のクローナルな造血細胞異常を伴う全身性肥満細胞症★,
9742/3,Preferred,Mast cell leukemia,肥満細胞白血病（Ｃ42.1） ※3,
9749/3,Preferred,Erdheim-Chester disease,エルドハイム・チェスター病,
975,2,Neoplasms of histiocytes and accessory lymphoid cells,組織球及び副リンパ球様細,
9750/3,Preferred,Malignant histiocytosis,悪性組織球症 ※3,
9750/3,Related,Histiocytic medullary reticulosis,,1
9751/1,Preferred,"Langerhans cell histiocytosis, NOS",ランゲルハンス細胞組織球症，NOS,
9751/1,Related,"Langerhans cell histiocytosis, monostotic",ランゲルハンス細胞組織球症，単骨性／ランゲルハンス細胞組織球症，単骨浸透性,
9751/1,Related,"Langerhans cell histiocytosis, polystotic",ランゲルハンス細胞組織球症，多骨性／ランゲルハンス細胞組織球症，多骨浸透性,
9751/3,Preferred,"Langerhans cell histiocytosis, disseminated",ランゲルハンス細胞組織球症，播種性,
9751/3,Synonym,Langerhans cell granulomatosis,,1
9751/3,Related,Eosinophilic granuloma,,
9751/3,Related,Acute progressive histiocytosis X,,1
9751/3,Related,"Histiocytosis X, NOS",,1
9751/3,Related,Hand-Schuller-Christian disease,,1
9751/3,Related,Letterer-Siwe disease,,1
9751/3,Related,Nonlipid reticuloendotheliosis,,1
9755/3,Preferred,Histiocytic sarcoma,組織球肉腫 ※1,
9755/3,Related,True histiocytic lymphoma,真性組織球肉腫症 ※3,
9756/3,Preferred,Langerhans cell sarcoma,ランゲルハンス細胞肉腫 ※1,
9757/3,Preferred,Interdigitating dendritic cell sarcoma,指間樹状細胞肉腫 ※1,
9757/3,Synonym,Interdigitating cell sarcoma,樹枝状細胞肉腫 ※1,
9757/3,Related,"Dendritic cell sarcoma, NOS",樹状細胞肉腫，ＮＯＳ ※1,
9757/3,Related,Indeterminate dendritic cell tumor,未定型樹状細胞腫瘍★,
9758/3,Preferred,Follicular dendritic cell sarcoma,ろ胞性樹状細胞肉腫 ※1,
9758/3,Related,Follicular dendritic cell tumor,ろ胞性樹状細胞腫瘍 ※1,
9759/3,Preferred,Fibroblastic reticular cell tumor,線維芽細胞性細網細胞腫瘍★,
976,2,Immunoproliferative diseases,免疫増殖性疾患,
9760/3,Preferred,"Immunoproliferative disease, NOS",免疫増殖性疾患，ＮＯＳ,
9761/1,Preferred,IgM monoclonal gammopathy of undetermined significance,IgM型意義不明の単クローン性ガンマグロブリン血症,
9761/3,Preferred,Waldenstrom macroglobulinemia,,
9762/3,Preferred,"Heavy chain disease, NOS",重鎖病，ＮＯＳ ※2,
9762/3,Related,Alpha heavy chain disease,アルファ重鎖病,
9762/3,Related,Gamma heavy chain disease,ガンマ重鎖病 ※3,
9762/3,Synonym,Franklin disease,フランクリン病 ※3,
9762/3,Related,Mu heavy chain disease,ミュー重鎖病 ※2,
9764/3,Preferred,Immunoproliferative small intestinal disease,免疫増殖性小腸疾患（Ｃ17._）,
9764/3,Synonym,Mediterranean lymphoma,地中海リンパ腫,
9765/1,Preferred,"Monoclonal gammopathy of undetermined significance, NOS",,
9765/1,Synonym,MGUS,ＭＧＵＳ ※2,
9765/1,Synonym,"Monoclonal gammopathy, NOS",単クローン性異常免疫グロブリン血症，,
9766/1,Preferred,Angiocentric immunoproliferative lesion,血管中心性免疫増殖性病変,
9766/1,Related,"Lymphomatoid granulomatosis, NOS",,
9766/1,Related,"Lymphomatoid granulomatosis, grade 1",,
9766/1,Related,"Lymphomatoid granulomatosis, grade 2",,
9766/3,Preferred,"Lymphomatoid granulomatosis, grade 3",リンパ腫様肉芽腫症，グレード３,
9767/1,Preferred,Angioimmunoblastic lymphadenopathy (AIL),血管性免疫芽球性リンパ節症,
9767/1,Synonym,Immunoblastic lymphadenopathy (IBL),,1
9768/1,Preferred,T-gamma lymphoproliferative disease,Ｔ－ガンマリンパ増殖性疾患,
9769/1,Preferred,Immunoglobulin deposition disease,免疫グロブリン沈着病 ※1,
9769/1,Synonym,Primary amyloidosis,原発性アミロイド症 ※1,
9769/1,Synonym,Systemic light chain disease,全身性Ｌ鎖病 ※1,
980-994,2,Leukemias,白血病,
980,3,"Leukemias, NOS",白血病，ＮＯＳ（Ｃ42.1）,
9800/3,Preferred,"Leukemia, NOS",白血病，ＮＯＳ,
9800/3,Related,"Aleukemic leukemia, NOS",,1
9800/3,Related,"Chronic leukemia, NOS",,1
9800/3,Related,"Subacute leukemia, NOS",,1
9801/3,Preferred,"Acute leukemia, NOS",急性白血病，ＮＯＳ,
9801/3,Synonym,Blast cell leukemia,芽球性白血病,
9801/3,Synonym,Stem cell leukemia,幹細胞白血病 ※2,
9801/3,Synonym,Undifferentiated leukemia,未分化型白血病,
9805/3,Preferred,Acute biphenotypic leukemia,急性多形質性白血病 ※1,
9805/3,Related,Acute bilineal leukemia,急性多系統白血病 ※1,
9805/3,Related,Acute mixed lineage leukemia,急性混合系白血病 ※1,
9806/3,Preferred,Mixed phenotype acute leukemia with t(9;22)(q34;q11.2); BCR-ABL1,混合表現性急性白血病，t(9;22)(q34;q11.2); BCR-ABL1★,
9807/3,Preferred,Mixed phenotype acute leukemia with t(v;11q23); MLL rearranged,混合形質性急性白血病，t(v;11q23);骨髄性白血病／MLL再構成を伴う★,
9808/3,Preferred,"Mixed phenotype acute leukemia, B/myeloid, NOS",混合形質性急性白血病，t(v;11q23);B細胞性／骨髄性，NOS★,
9809/3,Preferred,"Mixed phenotype acute leukemia, T/myeloid, NOS",混合形質性急性白血病，t(v;11q23);Ｔ細胞性／骨髄性，NOS★,
981-983,3,Lymphoid leukemias,リンパ性白血病（Ｃ,
9811/3,Preferred,"B lymphoblastic leukemia/lymphoma, NOS",B細胞リンパ芽球性白血病／リンパ腫，NOS★,
9811/3,Synonym,c-ALL,共通急性リンパ性白血病,
9811/3,Synonym,Common ALL,共通急性リンパ性白血病／共通ALL,
9811/3,Synonym,Common precursor B ALL,共通前駆B細胞性急性リンパ性白血病／共通前駆BALL,
9811/3,Synonym,Pre-B ALL,前B細胞性急性リンパ性白血病／前BALL,
9811/3,Synonym,Pre-pre-B ALL,前前B細胞性急性リンパ性白血病／前前BALL,
9811/3,Synonym,Pro-B ALL,前B細胞性急性リンパ性白血病／前BALL,
9811/3,Synonym,Precursor B-cell lymphoblastic lymphoma,前駆Bリンパ芽球性白血病,
9811/3,Synonym,Precursor B-cell lymphoblastic leukemia,前駆Ｂ細胞リンパ芽球性白血病，ＮＯＳ（Ｍ-9728／3も参照） ※1,
9811/3,Related,B lymphoblastic leukemia/lymphoma with iAMP21,iAMP21を伴うBリンパ芽球性白血病／リンパ腫,
9812/3,Preferred,B lymphoblastic leukemia/lymphoma with t(9;22)(q34;q11.2); BCR-ABL1,B細胞リンパ芽球性白血病／リンパ腫，t(9;22)(q34;q11.2); BCR-ABL1★,
9813/3,Preferred,B lymphoblastic leukemia/lymphoma with t(v;11q23); MLL rearranged,B細胞リンパ芽球性白血病／リンパ腫，MLL再構成を伴う★,
9814/3,Preferred,B lymphoblastic leukemia/lymphoma with t(12;21)(p13;q22); TEL-AML1 (ETV6-RUNX1),B細胞リンパ芽球性白血病／リンパ腫，t(12;21)(p13;q22);TEL-AML1 (ETV6-RUNX1)★,
9815/3,Preferred,B lymphoblastic leukemia/lymphoma with hyperdiploidy,高二倍性B細胞リンパ芽球性白血病／リンパ腫★,
9816/3,Preferred,B lymphoblastic leukemia/lymphoma with hypodiploidy (Hypodiploid ALL),,
9817/3,Preferred,B lymphoblastic leukemia/lymphoma with t(5;14)(q31;q32); IL3-IGH,B細胞リンパ芽球性白血病／リンパ腫，t(5;14)(q31;q32); IL3-IGH★,
9818/3,Preferred,B lymphoblastic leukemia/lymphoma with t(1;19)(q23;p13.3); E2A-PBX1 (TCF3-PBX1),,
9819/3,Preferred,"B lymphoblastic leukemia/lymphoma, BCR-ABL1-like",,
9820/3,Preferred,"Lymphoid leukemia, NOS",リンパ性白血病，ＮＯＳ,
9820/3,Related,"Lymphatic leukemia, NOS",,1
9820/3,Related,"Lymphocytic leukemia, NOS",,1
9820/3,Related,Aleukemic lymphoid leukemia,,1
9820/3,Synonym,Aleukemic lymphatic leukemia,,1
9820/3,Synonym,Aleukemic lymphocytic leukemia,,1
9820/3,Related,Lymphosarcoma cell leukemia,,1
9820/3,Related,Subacute lymphoid leukemia,,1
9820/3,Synonym,Subacute lymphatic leukemia,,1
9820/3,Synonym,Subacute lymphocytic leukemia,,1
9823/1,Preferred,"Monoclonal B-cell lymphocytosis, CLL type",単クローン性B細胞リンパ球増加症，CLL型,
9823/3,Preferred,B-cell chronic lymphocytic leukemia/small lymphocytic lymphoma,Ｂ細胞慢性リンパ球性白血病／小リンパ球性リンパ腫（Ｍ-9670／3も参照） ※2,
9823/3,Synonym,Chronic lymphatic leukemia,,1
9823/3,Synonym,Chronic lymphocytic leukemia,慢性リンパ球性白血病,
9823/3,Synonym,"Chronic lymphocytic leukemia, B-cell type",慢性リンパ球性白血病，Ｂ細胞型（ＢＣＬＬのすべての変異体を含む）※2,
9823/3,Synonym,Chronic lymphoid leukemia,慢性リンパ性白血病,1
9823/3,Synonym,"Malignant lymphoma, small B lymphocytic, NOS",悪性リンパ腫，小型B細胞性，NOS,
9823/3,Synonym,"Malignant lymphoma, lymphocytic, NOS",悪性リンパ腫，リンパ球性，NOS,1
9823/3,Synonym,"Malignant lymphoma, lymphocytic, diffuse, NOS",悪性リンパ腫，リンパ球性，びまん性，NOS,1
9823/3,Synonym,"Malignant lymphoma, small cell, NOS",悪性リンパ腫，小型細胞，NOS,1
9823/3,Synonym,"Malignant lymphoma, small lymphocytic, NOS",悪性リンパ腫，小リンパ球性，NOS,
9823/3,Synonym,"Malignant lymphoma, lymphocytic, well differentiated, diffuse",悪性リンパ腫，リンパ球性，高分化型，びまん性,1
9823/3,Synonym,"Malignant lymphoma, small cell diffuse",悪性リンパ腫，小細胞性，びまん性,1
9823/3,Synonym,"Malignant lymphoma, small lymphocytic, diffuse",悪性リンパ腫，小リンパ球性，びまん性,1
9827/3,Preferred,Adult T-cell leukemia/lymphoma (HTLV-1 positive),成人Ｔ細胞性白血病／リンパ腫（ＨＴＬＶ,
9827/3,Synonym,Adult T-cell leukemia,成人Ｔ細胞性白血病,
9827/3,Synonym,Adult T-cell lymphoma,成人Ｔ細胞性リンパ腫,
9827/3,Synonym,Adult T-cell lymphoma/leukemia,成人Ｔ細胞性リンパ腫／白血病,
9831/3,Preferred,T-cell large granular lymphocytic leukemia,Ｔ細胞大顆粒リンパ球性白血病 ※1☆,
9831/3,Synonym,"Large granular lymphocytosis, NOS",大顆粒リンパ球増加症，ＮＯＳ ※1,
9831/3,Synonym,NK-cell large granular lymphocytic leukemia,ＮＫ細胞大顆粒リンパ球性白血病,
9831/3,Synonym,T-cell large granular lymphocytosis,Ｔ細胞大顆粒リンパ球増加症 ※1,
9831/3,Related,Chronic lymphoproliferative disorder of NK cells,,
9832/3,Preferred,"Prolymphocytic leukemia, NOS",前リンパ球性白血病，ＮＯＳ ※3,
9833/3,Preferred,"Prolymphocytic leukemia, B-cell type",前リンパ球性白血病，Ｂ細胞型 ※1,
9834/3,Preferred,"Prolymphocytic leukemia, T-cell type",前リンパ球性白血病，Ｔ細胞型 ※1,
9835/3,Preferred,"Precursor cell lymphoblastic leukemia, NOS",前駆細胞リンパ芽球性白血病，ＮＯＳ（Ｍ-9727／3も参照） ※1,
9835/3,Synonym,"Acute lymphoblastic leukemia, NOS",急性リンパ芽球性白血病，ＮＯＳ（Ｍ-,
9835/3,Synonym,"Acute lymphoblastic leukemia, L2 type, NOS",,
9835/3,Synonym,"Acute lymphoblastic leukemia-lymphoma, NOS",急性リンパ芽球性白血病性リンパ腫，ＮＯＳ ※1,
9835/3,Synonym,"Lymphoblastic leukemia, NOS",リンパ芽球性白血病，ＮＯＳ ※3,
9835/3,Synonym,Acute lymphatic leukemia,急性リンパ性白血病 ※3,
9835/3,Synonym,Acute lymphocytic leukemia,急性リンパ球性白血病 ※3,
9835/3,Synonym,Acute lymphoid leukemia,急性リンパ球様白血病 ※3,
9835/3,Synonym,FAB L1,,1
9835/3,Synonym,FAB L2,,
9835/3,Synonym,"Precursor cell lymphoblastic leukemia, not phenotyped",前駆細胞リンパ芽球性白血病，非表現型,
9835/3,Synonym,"Acute lymphoblastic leukemia, precursor-cell type",9727／3も参照）急性リンパ芽球性白血病，前駆細胞型 ※1,
9837/3,Preferred,Precursor T-cell lymphoblastic leukemia,前駆Ｔ細胞リンパ芽球性白血病，ＮＯＳ（Ｍ-9729／3も参照） ※1,
9837/3,Synonym,Cortical T ALL,皮質性TＡＬＬ ※1,
9837/3,Synonym,Mature T ALL,成熟TＡＬＬ ※1,
9837/3,Synonym,Pre-T ALL,前ＴALL ※1,
9837/3,Synonym,Pro-T ALL,前ＴALL ※1,
9837/3,Synonym,Precursor T-cell lymphoblastic lymphoma,前駆T細胞リンパ芽球性リンパ腫,
9837/3,Related,T lymphoblastic leukemia/lymphoma,T細胞リンパ芽球性白血病／リンパ腫★,
9837/3,Related,Early T-cell precursor acute lymphoblastic leukemia,初期T細胞前駆リンパ芽球性白血病,
984-993,3,Myeloid leukemias,骨髄性白血病（Ｃ,
9840/3,Preferred,Acute erythroid leukemia,急性赤血性白血病 ※2,
9840/3,Synonym,"Acute myeloid leukemia, M6 type",急性骨髄性白血病，Ｍ６型 ※2,
9840/3,Synonym,Acute erythremia,,1
9840/3,Synonym,Acute erythremic myelosis,,1
9840/3,Synonym,AML M6,ＡＭＬ Ｍ６ ※2,
9840/3,Synonym,Di Guglielmo disease,,1
9840/3,Synonym,"Erythremic myelosis, NOS",赤血症性骨髄症，ＮＯＳ,
9840/3,Synonym,Erythroleukemia,赤白血病,
9840/3,Synonym,FAB M6,ＦＡＢ Ｍ６ ※2,
9840/3,Synonym,M6A,Ｍ６Ａ ※2,
9840/3,Synonym,M6B,Ｍ６Ｂ ※2,
9860/3,Preferred,"Myeloid leukemia, NOS",骨髄性白血病，ＮＯＳ,
9860/3,Synonym,"Granulocytic leukemia, NOS",顆粒球性白血病，ＮＯＳ,
9860/3,Synonym,"Myelocytic leukemia, NOS",骨髄球性白血病，ＮＯＳ,
9860/3,Synonym,"Myelogenous leukemia, NOS",骨髄原性白血病，ＮＯＳ,
9860/3,Synonym,"Myelomonocytic leukemia, NOS",骨髄単球性白血病，ＮＯＳ,
9860/3,Synonym,"Non-lymphocytic leukemia, NOS",非リンパ球性白血病，ＮＯＳ ※2,
9860/3,Related,Aleukemic myeloid leukemia,,1
9860/3,Synonym,Aleukemic granulocytic leukemia,非白血性顆粒球性白血病[obs],1
9860/3,Synonym,Aleukemic myelogenous leukemia,非白血性骨髄原性白血病[obs],1
9860/3,Related,Aleukemic monocytic leukemia,,1
9860/3,Related,Chronic monocytic leukemia,,1
9860/3,Related,"Eosinophilic leukemia, NOS",,
9860/3,Related,"Monocytic leukemia, NOS",単球性白血病，ＮＯＳ ※3,
9860/3,Related,Subacute monocytic leukemia,,1
9860/3,Related,Subacute myeloid leukemia,,1
9860/3,Synonym,Subacute granulocytic leukemia,亜急性顆粒球性白血病[obs] ※3,1
9860/3,Synonym,Subacute myelogenous leukemia,亜急性骨髄原性白血病[obs] ※3,1
9861/3,Preferred,"Acute myeloid leukemia, NOS",急性骨髄性白血病，ＮＯＳ（ＦＡＢ又はＷＨＯ型の明示されないもの）（Ｍ-9930／3も参照） ※2,
9861/3,Synonym,Acute granulocytic leukemia,急性顆粒球性白血病,
9861/3,Synonym,Acute myelocytic leukemia,急性骨髄球性白血病,
9861/3,Synonym,Acute myelogenous leukemia,急性骨髄原性白血病,
9861/3,Synonym,Acute non-lymphocytic leukemia,急性非リンパ球性白血病 ※2,
9863/3,Preferred,"Chronic myeloid leukemia, NOS",慢性骨髄性白血病，ＮＯＳ,
9863/3,Synonym,"Chronic granulocytic leukemia, NOS",慢性顆粒球性白血病，ＮＯＳ,
9863/3,Synonym,"Chronic myelocytic leukemia, NOS",慢性骨髄球性白血病，ＮＯＳ,
9863/3,Synonym,"Chronic myelogenous leukemia, NOS",慢性骨髄原性白血病，ＮＯＳ,
9865/3,Preferred,Acute myeloid leukemia with t(6;9)(p23;q34); DEK-NUP214,急性骨髄性白血病，t(6;9)(p23;q34); DEK-NUP214★,
9866/3,Preferred,"Acute promyelocytic leukemia, t(15;17)(q22;q11-12)",急性前骨髄球性白血病，t(15;17),
9866/3,Synonym,"Acute promyelocytic leukemia, NOS",急性前骨髄球性白血病，ＮＯＳ,
9866/3,Synonym,"Acute myeloid leukemia, PML/RAR-alpha",急性骨髄性白血病， ＰＭＬ／ＲＡＲ－アルファ ※2,
9866/3,Synonym,"Acute myeloid leukemia, t(15;17)(q22;q11-12)",急性骨髄性白血病，t(15;17),
9866/3,Synonym,"Acute promyelocytic leukemia, PML/RAR-alpha",急性前骨髄球性白血病， ＰＭＬ／ＲＡＲ－アルファ ※2,
9866/3,Synonym,FAB M3,ＦＡＢ Ｍ３（すべての変異体を含む）,
9867/3,Preferred,"Acute myelomonocytic leukemia, NOS",,
9867/3,Synonym,FAB M4,ＦＡＢ Ｍ４ ※2,
9869/3,Preferred,Acute myeloid leukemia with inv(3)(q21;q26.2) or t(3;3)(q21;q26.2); RPN1-EVI1,,
9870/3,Preferred,Acute basophilic leukemia,急性好塩基球性白血病 ※2,
9871/3,Preferred,Acute myeloid leukemia with abnormal marrow eosinophils,異常骨髄好酸球を伴う急性骨髄性白血病 ※1,
9871/3,Synonym,"Acute myeloid leukemia, CBF-beta/MYH11",,
9871/3,Synonym,"Acute myeloid leukemia, inv(16)(p13;q22)",急性骨髄性白血病，inv(16)(p13;※1,
9871/3,Synonym,"Acute myeloid leukemia, t(16;16)(p13;q11)",急性骨髄性白血病，t(16;16)(p13;,
9871/3,Synonym,Acute myelomonocytic leukemia with abnormal eosinophils,異常骨髄好酸球を伴う急性骨髄単球性白血病 ※1,
9871/3,Synonym,FAB M4Eo,ＦＡＢ Ｍ４Ｅo ※1,
9872/3,Preferred,"Acute myeloid leukemia, minimal differentiation",急性骨髄性白血病，最小分化 ※1,
9872/3,Synonym,Acute myeloblastic leukemia,,
9872/3,Synonym,FAB M0,,
9873/3,Preferred,Acute myeloid leukemia without maturation,成熟を伴わない急性骨髄性白血病,
9873/3,Synonym,FAB M1,ＦＡＢ Ｍ１ ※1,
9874/3,Preferred,Acute myeloid leukemia with maturation,,
9874/3,Synonym,"FAB M2, NOS",,
9875/3,Preferred,"Chronic myeloid leukemia, BCR/ABL positive",,
9875/3,Synonym,"Chronic myelogenous leukemia, BCR/ABL positive",慢性骨髄性白血病，ＢＣＲ／ＡＢＬ陽性,
9875/3,Synonym,"Chronic granulocytic leukemia, BCR/ABL",慢性顆粒球性白血病，ＢＣＲ／ＡＢＬ,
9875/3,Synonym,"Chronic granulocytic leukemia, Philadelphia chromosome (Ph1) positive",慢性顆粒球性白血病，フィラデルフィア染色体（Ph１）陽性 ※1,
9875/3,Synonym,"Chronic granulocytic leukemia, t(9;22)(q34;q11)",慢性顆粒球性白血病，t(9;22）※1,
9875/3,Synonym,"Chronic myeloid leukemia, Philadelphia chromosome (Ph1) positive",,
9875/3,Synonym,"Chronic myelogenous leukemia, Philadelphia chromosome (Ph1) positive",慢性骨髄性白血病，フィラデルフィア染色体（Ph１）陽性 ※1,
9875/3,Synonym,"Chronic myeloid leukemia, t(9;22)(q34;q11)",,
9875/3,Synonym,"Chronic myelogenous leukemia, t(9;22)(q34;q11)",慢性骨髄性白血病，t(9;22）（q34;※1,
9876/3,Preferred,"Atypical chronic myeloid leukemia, BCR/ABL negative",異型性慢性骨髄性白血病，ＢＣＲ／ＡＢＬ陰性 ※1,
9876/3,Related,"Atypical chronic myeloid leukemia, Philadelphia chromosome (Ph1) negative",異型性慢性骨髄性白血病，フィラデルフィア染色体（Ph１）陰性 ※1,
9877/3,Preferred,Acute myeloid leukemia with mutated NPM1,NPM1遺伝子変異を伴う急性骨髄性白血病,
9878/3,Preferred,Acute myeloid leukemia with biallelic mutation of CEBPA,CEBPA両アリル遺伝子変異を伴う急性骨髄性白血病／両アレルのCEBPA遺伝子変異を伴う急性骨髄性白血病,
9879/3,Preferred,Acute myeloid leukemia with mutated RUNX1,変異RUNX1を伴う急性骨髄性白血病,
9891/3,Preferred,Acute monocytic leukemia,急性単球性白血病,
9891/3,Synonym,"Monoblastic leukemia, NOS",単芽球性白血病，ＮＯＳ,
9891/3,Synonym,Acute monoblastic leukemia,急性単芽球性白血病,
9891/3,Synonym,FAB M5,ＦＡＢ Ｍ５（すべての変異体を含む）,
9891/3,Related,Acute monoblastic and monocytic leukemia,急性単芽球性／単球性白血病★,
9895/3,Preferred,Acute myeloid leukemia with myelodysplasia-related changes,,
9895/3,Synonym,Acute myeloid leukemia with multilineage dysplasia,多系統形成異常を伴う急性骨髄性白血病 ※1 ☆,
9895/3,Synonym,Acute myeloid leukemia with prior myelodysplastic syndrome,既往に骨髄異形成症候群を伴う急性骨髄性白血病 ※1,
9895/3,Synonym,Acute myeloid leukemia without prior myelodysplastic syndrome,既往に骨髄異形成症候群を伴わない急性骨髄性白血病 ※1,
9896/3,Preferred,"Acute myeloid leukemia, t(8;21)(q22;q22)",,
9896/3,Synonym,"Acute myeloid leukemia, AML1(CBF-alpha)/ETO",急性骨髄性白血病，ＡＭＬ１（ＣＢＦ－アルファ）／ＥＴＯ ※1,
9896/3,Synonym,Acute myeloid leukemia with t(8;21)(q22;q22); RUNX1-RUNX1T1,急性骨髄性白血病，t(8;21)(q22;q22);,
9896/3,Synonym,"FAB M2, AML1(CBF-alpha)/ETO",ＦＡＢ Ｍ２，ＡＭＬ１（ＣＢＦ－アルファ）,
9896/3,Synonym,"FAB M2, t(8;21)(q22;q22)",ＦＡＢ Ｍ２，t(8;21)(q22;q22) ※1,
9897/3,Preferred,"Acute myeloid leukemia, 11q23 abnormalities",急性骨髄性白血病，11q23異常 ※1,
9897/3,Synonym,"Acute myeloid leukemia, MLL",急性骨髄性白血病，ＭＬＬ ※1,
9897/3,Synonym,Acute myeloid leukemia with t(9;11)(p22;q23); MLLT3-MLL,急性骨髄性白血病，t(9;11)(p22;q23);MLLT3-MLL★,
9898/1,Preferred,Transient abnormal myelopoiesis,一過性異常骨髄造血★,
9898/3,Preferred,Myeloid leukemia associated with Down syndrome,ダウン症候群に伴う骨髄性白血病★,
9910/3,Preferred,Acute megakaryoblastic leukemia,急性巨核芽球性白血病,
9910/3,Synonym,Megakaryocytic leukemia,巨核芽球性白血病,
9910/3,Synonym,FAB M7,ＦＡＢ Ｍ７ ※2,
9911/3,Preferred,Acute myeloid leukemia (megakaryoblastic) with t(1;22)(p13;q13); RBM15-MKL1,急性骨髄性白血病（巨核芽球性），t(1;22)(p13;q13); RBM15-MKL1,
9912/3,Preferred,Acute myeloid leukemia with BCR-ABL1,,
9920/3,Preferred,Therapy-related myeloid neoplasm,,
9920/3,Synonym,"Therapy-related acute myeloid leukemia, NOS",治療関連急性骨髄性白血病，NOS※1 ☆,
9920/3,Related,"Therapy-related acute myeloid leukemia, alkylating agent related",治療関連急性骨髄性白血病，アルキル化剤関連 ※1,
9920/3,Related,"Therapy-related acute myeloid leukemia, epipodophyllotoxin-related",治療関連急性骨髄性白血病，エピポドフィロトキシン関連 ※1,
9930/3,Preferred,Myeloid sarcoma,骨髄性肉腫（Ｍ-9861／3も参照）※2,
9930/3,Synonym,Chloroma,緑色腫,
9930/3,Synonym,Granulocytic sarcoma,顆粒球性肉腫,
9931/3,Preferred,Acute panmyelosis with myelofibrosis,骨髄線維症を伴う急性汎骨髄症,
9931/3,Synonym,"Acute myelosclerosis, NOS",急性骨髄硬化症，ＮＯＳ ※2,
9931/3,Synonym,"Acute panmyelosis, NOS",急性汎骨髄症，ＮＯＳ,
9931/3,Synonym,Acute myelofibrosis,急性骨髄線維症 ※3,
9931/3,Synonym,Malignant myelosclerosis,,1
994,3,Other leukemias,その他の白血病（Ｃ42.1）,
9940/3,Preferred,"Hairy cell leukemia, NOS",,
9940/3,Synonym,Leukemic reticuloendotheliosis,白血性細網内皮症 ※3,
9945/3,Preferred,"Chronic myelomonocytic leukemia, NOS",,
9945/3,Related,"Chronic myelomonocytic leukemia, type I",慢性骨髄単球性白血病，Ⅰ型 ※1,
9945/3,Related,"Chronic myelomonocytic leukemia, type II",慢性骨髄単球性白血病，Ⅱ型 ※1,
9945/3,Synonym,Chronic myelomonocytic leukemia in transformation,,1
9946/3,Preferred,"Juvenile myelomonocytic leukemia, NOS",,
9946/3,Synonym,Juvenile chronic myelomonocytic leukemia,若年性慢性骨髄単球性白血病,
9948/3,Preferred,Aggressive NK-cell leukemia,侵襲性ＮＫ細胞白血病 ※1,
995-996,2,Myeloproliferative neoplasms,,
9950/3,Preferred,Polycythemia vera,真性赤血球増加症 ※6,
9950/3,Synonym,Chronic erythremia,,1
9950/3,Synonym,Polycythemia rubra vera,,
9950/3,Synonym,Proliferative polycythemia,増殖性赤血球増加症 ※2,
9960/3,Preferred,"Myeloproliferative neoplasm, NOS",骨髄増殖性腫瘍，ＮＯＳ★,
9960/3,Synonym,"Chronic myeloproliferative disease, NOS",慢性骨髄増殖性疾患，ＮＯＳ ※6,
9960/3,Synonym,Chronic myeloproliferative disorder,慢性骨髄増殖性疾患 ※6,
9960/3,Synonym,"Myeloproliferative disease, NOS",骨髄増殖性疾患★,
9961/3,Preferred,Primary myelofibrosis,,
9961/3,Synonym,Agnogenic myeloid metaplasia,原因不明骨髄様化生 ※2,
9961/3,Synonym,Chronic idiopathic myelofibrosis,慢性特発性骨髄線維症 ※2,
9961/3,Synonym,Megakaryocytic myelosclerosis,骨髄巨核球性骨髄硬化症 ※6,
9961/3,Synonym,Myelofibrosis as a result of myeloproliferative disease,骨髄増殖性疾患の結果としての骨髄線維症 ※2,
9961/3,Synonym,Myelofibrosis with myeloid metaplasia,骨髄化生を伴う骨髄線維症 ※6,
9961/3,Synonym,Myelosclerosis with myeloid metaplasia,骨髄化生を伴う骨髄硬化症 ※6 ☆,
9962/3,Preferred,Essential thrombocythemia,本態性血小板血症 ※6,
9962/3,Synonym,Essential hemorrhagic thrombocythemia,本態性出血性血小板血症 ※6,
9962/3,Synonym,Idiopathic hemorrhagic thrombocythemia,特発性出血性血小板血症 ※6,
9962/3,Synonym,Idiopathic thrombocythemia,特発性血小板血症 ※6,
9963/3,Preferred,Chronic neutrophilic leukemia,慢性好中球性白血病 ※1,
9964/3,Preferred,Chronic eosinophilic leukemia,慢性好酸球性白血病,
9964/3,Synonym,Hypereosinophilic syndrome,好酸球増多症候群※1 ☆,
9965/3,Preferred,Myeloid or lymphoid neoplasm with PDGFRA rearrangement,,
9966/3,Preferred,Myeloid neoplasm with PDGFRB rearrangement,,
9967/3,Preferred,Myeloid or lymphoid neoplasm with FGFR1 abnormalities,,
9968/3,Preferred,Myeloid or lymphoid neoplasm with PCM1-JAK2,,
997,2,Other hematological neoplasms,,
9970/1,Preferred,"Lymphoproliferative disorder, NOS",リンパ球増殖性疾患，ＮＯＳ,
9970/1,Synonym,"Lymphoproliferative disease, NOS",,
9971/1,Preferred,"Post-transplant lymphoproliferative disorder, NOS",移植後リンパ増殖異常症，ＮＯＳ★,
9971/1,Synonym,"PTLD, NOS",,
9971/1,Related,Polymorphic post-transplant lymphoproliferative disorder,多型性移植後リンパ増殖異常症／多形性移植後リンパ増殖性疾患／多彩移植後リンパ増殖異常症,
9975/3,Preferred,"Myeloproliferative neoplasm, unclassifiable",,
9975/3,Related,"Myelodysplastic/myeloproliferative neoplasm, unclassifiable",骨髄異形成／骨髄増殖性腫瘍，分類不能型★,
998-999,2,Myelodysplastic syndromes,骨髄異形成症候群（Ｃ,
9980/3,Preferred,Myelodysplastic syndrome with single lineage dysplasia,単一血球系統の異形成を伴う骨髄異形成症候群／単一血球系統の異形成を有する骨髄異形成症候群,
9980/3,Synonym,"Refractory anemia, NOS",不応性貧血，NOS,
9980/3,Synonym,Refractory anemia without sideroblasts,,
9980/3,Synonym,Refractory neutropenia,不応性好中球減少症,1
9980/3,Synonym,Refractory thrombocytopenia,不応性血小板減少症,1
9982/3,Preferred,Myelodysplastic syndrome with ring sideroblasts and single lineage dysplasia,単一血球系統の異形成と環状鉄芽球を伴う骨髄異形成症候群,
9982/3,Synonym,Refractory anemia with sideroblasts,鉄芽球を伴う不応性貧血,
9982/3,Synonym,RARS,ＲＡＲＳ ※2,
9982/3,Synonym,Refractory anemia with ring sideroblasts associated with marked thrombocytosis,著明な血小板増加症と関連する環状鉄芽球を伴う不応性貧血★,
9982/3,Synonym,"Refractory anemia with ring sideroblasts, NOS",,
9982/3,Synonym,"Myelodysplastic syndrome with ring sideroblasts, NOS",環状鉄芽球を伴う骨髄異形成症候群，NOS,
9983/3,Preferred,Myelodysplastic syndrome with excess blasts,芽球増加を伴う骨髄異形成症候群,
9983/3,Synonym,"Refractory anemia with excess blasts, NOS",芽球増加を伴う不応性貧血，NOS,
9983/3,Synonym,"RAEB, NOS",,
9983/3,Synonym,RAEB I,ＲＡＥＢ Ⅰ ※2,
9983/3,Synonym,RAEB II,ＲＡＥＢ Ⅱ ※2,
9984/3,Preferred,Refractory anemia with excess blasts in transformation,,1
9984/3,Synonym,RAEB-T,ＲＡＥＢ Ｔ ※2,
9985/3,Preferred,Myelodysplastic syndrome with multilineage dysplasia,多系統形成異常を伴う骨髄異形成症候群／多血球系統の異形成を伴う骨髄異形成症候群／多血球系異形成を伴う骨髄異形成症候群／多系統異形成を伴う骨髄異形成症候群,
9985/3,Synonym,Refractory cytopenia with multilineage dysplasia,多系統形成異常を伴う不応性血球減少症／多血球系統の異形成を伴う不応性血球減少症／多血球系異形成を伴う不応性血球減少症／多系統異形成を伴う不応性血球減少症,
9985/3,Related,Refractory cytopenia of childhood,小児不応性血球減少症,
9986/3,Preferred,Myelodysplastic syndrome with isolated del (5q),5番染色体長腕欠失のみを伴う骨髄異形成症候群／単独の５番染色体長腕欠失を伴う骨髄異形成症候群,
9986/3,Synonym,Myelodysplastic syndrome with 5q deletion (5q-) syndrome,5q欠失症候群を伴う骨髄異形成症候群／5q-症候群を伴う骨髄異形成症候群,
9987/3,Preferred,"Therapy-related myelodysplastic syndrome, NOS",治療関連骨髄異形成症候群，ＮＯＳ,
9987/3,Synonym,"Therapy-related myelodysplastic syndrome, alkylating agent related",治療関連骨髄異形成症候群，アルキル化剤関連による ※1,
9987/3,Synonym,"Therapy-related myelodysplastic syndrome, epipodophyllotoxin-related",治療関連骨髄異形成症候群，エピポドフィロトキシン関連による ※1,
9989/3,Preferred,"Myelodysplastic syndrome, NOS",骨髄異形成症候群，ＮＯＳ ※6,
9989/3,Synonym,Preleukemia,,1
9989/3,Synonym,Preleukemic syndrome,,1
9989/3,Related,"Myelodysplastic syndrome, unclassifiable",,
9993/3,Preferred,Myelodysplastic syndrome with ring sideroblasts and multilineage dysplasia,環状鉄芽球と多系統形成異常を伴う骨髄異形成症候群／多血球系統の異形成と環状鉄芽球を伴う骨髄異形成症候群／環状鉄芽球および多系統異形成を伴う骨髄異形成症候群／環状鉄芽球と多血球系異形成を伴う骨髄異形成症候群,
